File_ID,Assigned_Cluster
10036953,3
10037531,3
10052279,1
10070173,3
10071998,3
10073522,3
10075386,1
10077140,1
10078672,3
10078673,3
10080319,3
10084579,1
10089089,3
10091821,1
10093945,3
10094243,1
10097996,2
10100592,0
10148879,3
10155556,3
10172265,1
10188144,3
10190267,1
10194485,1
10195003,3
10197379,3
10200837,2
10201101,2
10203382,0
10207709,2
10208073,2
10209728,1
10211492,3
10213233,3
10213554,1
10223244,0
10224577,1
10225743,3
10230191,2
10235220,0
10337083,3
10337433,3
10337657,0
10337847,2
10338217,0
10340153,1
10348763,3
10352330,0
10352397,1
10355394,1
10356632,2
10360656,0
10361382,1
10361648,1
10373718,1
10374155,3
10379020,1
10380161,3
10382082,3
10382134,2
10385063,1
10390407,1
10390665,3
10402369,3
10404444,3
10408075,3
10410152,0
10414756,1
10424316,1
10429005,3
10437192,1
10439497,1
10439763,3
10441604,3
10442506,1
10443725,1
10448447,2
10463377,1
10463847,2
10470636,3
10475150,3
10476617,1
10482855,3
10489959,3
10492627,0
10499652,1
10506815,3
10509459,3
10517189,3
10517426,3
10525558,1
10539493,3
10550137,0
10554112,3
10554799,3
10555930,3
10557909,3
10560780,1
10563544,1
10566623,0
10568568,1
10575594,1
10578479,1
10588965,2
10589810,3
10592853,3
10593347,1
10594393,3
10594396,3
10599355,1
10602739,3
10606880,1
10607234,1
10618526,3
10619912,0
10624759,1
10632537,0
10634835,3
10634838,3
10636373,1
10637238,0
10643677,1
10649829,2
10651597,3
10660161,1
10661479,1
10663363,1
10665129,1
10671339,0
10674229,1
10674680,3
10674681,3
10678548,1
10682031,3
10683506,1
10685169,3
10685722,1
10685817,3
10690138,3
10690697,3
10693733,2
10703628,3
10706930,1
10707032,1
10714690,3
10715372,3
10719133,1
10720081,1
10726430,1
10734271,2
10735838,3
10735900,0
10741095,3
10741842,2
10742359,3
10752495,1
10754477,0
10755175,2
10757250,2
10757579,3
10758987,1
10759619,3
10763172,3
10764172,3
10768434,3
10770301,1
10770979,0
10778276,2
10781855,3
10790473,2
10807619,3
10808042,2
10811665,0
10814606,0
10816058,1
10817768,3
10826576,3
10832772,2
10832773,2
10832774,2
10837440,3
10848655,3
10850381,0
10860330,3
10861653,3
10870534,3
10871578,1
10889149,0
10889804,1
10901647,3
10902449,3
10912743,1
10926339,3
10928228,1
10934569,2
10934908,2
10939601,0
10940525,3
10945514,3
10947757,3
10957888,3
10960380,3
10963640,0
10968308,3
10969304,1
10971307,1
10971538,3
10973645,3
10986219,3
10986363,2
10992833,3
10992834,3
10993031,1
10997806,0
1100179,0
11004058,3
11013280,0
11013281,0
11013775,3
11015817,3
11021553,3
11022066,3
11028492,1
11029345,1
11029568,3
11034038,3
11034934,1
11041498,3
11045790,0
11053333,1
11056245,1
11056317,0
11056593,1
11060324,0
11064610,3
11068835,3
11069570,3
11072681,3
11073017,0
11074150,1
11077389,3
11085402,3
11098982,3
11099086,3
11100343,3
11104595,0
11106679,0
11108177,3
11132252,2
11134799,3
11136837,1
11140546,1
11143509,3
11154142,1
11156811,2
11157143,3
11159256,3
11162323,2
11167879,0
11191952,3
11194696,3
11196013,2
11196396,3
1119679,3
11199239,0
11205419,2
11207836,1
11208371,3
11210885,3
11213870,1
11214014,1
11218508,3
11219757,2
11228756,1
11229858,3
11234566,1
11237545,1
11238483,1
11246578,1
11253439,0
11265037,3
11267196,3
11284463,3
11292273,1
11292279,1
11295009,3
11297722,1
11300174,2
11302295,1
11305684,2
1131298,1
11315533,2
11317090,1
11318022,3
11318056,3
11319711,1
11322670,3
11323998,3
11331049,3
11331721,2
11334068,3
11343038,2
11348533,3
11350502,3
11352886,1
11360574,3
11362397,3
11362629,3
11363044,3
11369627,0
11374137,3
11377310,3
11378004,1
11378833,1
11379334,3
11381289,1
11384820,1
11392343,2
11395821,3
11396751,3
11401641,3
11408369,1
11411192,1
11413274,3
11414348,2
11420161,1
11422660,1
11429349,1
11435682,1
11439748,2
11443835,3
11446476,3
11450816,2
11450818,2
11453509,3
11454840,1
11454878,0
11459079,2
11465651,1
11471578,3
11472320,3
11476129,2
11485124,0
11488317,1
11495215,1
11500608,1
11501687,2
11508634,2
11517983,3
11535502,0
11536065,3
11545629,3
11545671,3
11547366,3
11549300,1
11549539,1
11550726,2
11554235,0
11554438,3
11561265,3
11570022,0
11570966,3
11579299,3
11595000,3
11642083,1
11683484,1
11683967,0
11691515,1
11691528,1
11699803,2
11700823,3
11701101,3
11701433,1
11701672,1
11705818,1
11706697,3
11708589,2
11709366,1
11710599,0
11714591,3
11718681,1
11737955,1
11741555,1
11743411,3
11746070,2
11748974,0
11750293,3
11751780,3
11752031,1
11778352,0
11779598,1
11781402,3
11783270,3
11786587,0
11788219,0
11789002,1
11791023,1
11804430,1
11812696,3
11815321,1
11815957,0
11816482,0
11819768,0
11824175,2
11828556,3
11829043,3
11832869,1
11835021,1
11836674,0
11837240,3
11837468,1
11838820,2
11839712,1
11840031,3
11849797,0
11860536,0
11860915,3
11863211,3
11867842,1
11876712,3
11876893,3
11877686,1
11881749,3
11888754,1
11888774,0
11890175,2
11891832,1
11915576,1
11916791,1
11918753,1
11920488,1
11922398,3
11931782,3
11932879,0
11932900,0
11943119,3
11948051,1
11956614,0
11957440,1
11961446,3
11965204,1
11978262,1
11978277,3
11981066,1
11981150,3
11994052,1
12005275,3
12006271,3
12017793,3
12020338,1
12021824,1
12021946,1
12031821,1
12031927,3
12033348,1
12036809,1
12037693,1
12042231,2
12044624,3
12045163,1
12049860,3
12050494,0
12055323,1
12056851,3
12057986,1
12058842,2
12059064,1
12065558,0
12067044,1
12073766,1
12074271,1
12080735,3
12084138,3
12085177,0
12088604,3
12090782,1
12093332,1
12093460,3
12094254,0
12096292,0
12105288,1
12108616,2
12108617,2
12110494,0
12113323,2
12116339,0
12117831,1
12120773,3
12121427,1
12123333,0
12131309,3
12135593,1
12139152,3
12139812,3
12143780,3
12148711,1
12151468,2
12160584,0
12168688,2
12169964,3
12176916,0
12182253,3
12183788,3
12185154,3
12185505,0
12193353,3
12197822,2
12198659,3
12199005,3
12201937,3
12202662,0
12204666,0
12233894,3
12233987,2
12233993,3
12236273,3
12237625,3
12238830,1
12239448,0
12239480,3
12241650,3
12241713,1
12243889,3
12270325,1
12271298,3
12356338,1
12356631,1
12358251,1
12358871,1
12370849,1
12375315,3
12377836,3
12378396,1
12384805,0
12394700,1
12396317,3
12401759,1
12402011,3
12406050,0
12407485,3
12410073,2
12418582,3
12422941,2
12423984,3
12424317,3
12424783,2
12426230,1
12437457,3
12440177,1
12443948,1
12447025,2
12452403,2
12452980,3
12456431,3
12457629,3
12458862,3
12459663,3
12462350,2
12463729,3
12477021,3
12478408,3
12480867,2
12482473,3
12485538,2
12486433,3
12492271,1
12496956,2
12504399,3
12505565,1
12505733,1
12511152,3
12512598,3
125133,1
12531809,0
12538120,1
12538218,3
12541005,2
1254157,0
12546485,2
12551867,1
1255322,3
12553591,2
12559222,1
12564610,1
12564611,1
12567169,3
12568856,3
12569977,3
12575712,0
12576246,3
12576806,3
12576957,1
12579266,0
12585724,2
12585821,2
12586799,0
12590404,3
12591004,1
12595499,1
12599844,1
12602669,3
12604982,3
12612897,3
12614193,1
12614412,3
12614707,1
12616671,3
12618690,3
12629094,1
12630606,3
12635578,3
12636954,2
12638099,3
12638834,3
12642251,3
12642847,3
12644413,1
12651635,1
12651674,1
12653872,1
12653895,0
12654143,3
12660676,1
12663340,1
12666946,3
12668582,3
12676060,2
12680863,3
12687510,3
12704402,1
12709693,3
12709801,3
12713767,1
12718385,0
12738312,0
12739123,3
12742556,3
12743142,0
12748567,3
12769155,3
12780755,1
12787235,3
12790985,3
12791549,3
12792318,3
12793516,2
12804020,1
12810472,3
12813449,0
12814457,1
12816740,1
1282182,1
12823122,3
12823129,3
12824973,3
12830748,3
12834936,3
12839657,1
12844138,1
12844393,1
12850861,1
12855087,0
1286547,1
1286738,3
12872081,0
12876177,2
12876178,2
12881389,0
12882611,3
12886239,0
1289508,1
12895217,3
12900807,1
1291393,3
12918532,1
12925182,1
12928692,3
12932301,3
12951131,2
12954577,0
12956656,3
12960652,1
12970516,1
12971959,3
12973849,0
12974687,3
1300984,1
1302807,3
1307461,1
130920,3
1319876,3
1326339,2
1326734,0
1331023,2
1334639,3
1336890,1
1337070,3
1342306,1
1342906,3
1350581,2
1358607,3
1359258,1
1359322,3
1359809,3
1364154,2
1370735,1
1376306,0
1378689,1
1390473,3
1391736,3
1394200,0
1396108,3
1408861,2
1409770,1
1410028,3
1411449,1
1412152,1
1415973,3
1420057,3
1423955,1
1426893,3
1440804,3
1444609,0
1444872,1
1445476,1
1448121,3
1449552,3
14506591,0
1451242,1
14514742,1
14519754,0
14520769,3
14521638,3
14550686,3
14567804,3
1457432,1
1457622,1
14576501,3
14578078,2
14589718,2
1459268,3
1459383,3
14596755,0
14599236,2
14605954,3
14609821,3
14616133,3
14616151,3
14616279,3
14616872,1
14617595,3
14622630,1
14623199,3
14625812,0
14626750,1
14627879,2
14628158,3
14636372,1
14649341,3
14650571,3
14650863,1
14655885,3
14656280,0
14657766,3
14660988,1
14661011,1
14662278,1
14668075,1
14669937,1
14670288,3
1467386,1
14674492,3
14679127,0
14685645,1
14690574,0
14699228,3
14710214,0
14711190,1
14713377,2
14714361,0
14715180,1
14716650,3
14722336,2
14732749,1
14736356,3
14739125,1
14745744,2
14749563,1
14752429,1
14758586,3
14763035,1
14763475,3
1479049,2
1486965,3
1488874,1
1492408,1
14966713,1
14970775,3
1497159,3
14977031,3
1497864,2
14980919,3
14984440,3
14985215,1
14989068,3
14995965,3
14996144,1
14996351,3
14998846,0
14999992,3
15002089,3
15012924,1
15013543,3
15014018,0
15025886,1
15037334,2
15039684,3
15051597,1
15053783,1
15055365,2
15055890,3
15068403,2
15080019,3
15084616,0
15088136,0
15091267,3
15093843,1
15098782,3
15101027,1
15119720,3
15131557,1
15132762,2
15133359,1
15141043,0
1515255,0
15154956,1
15160783,1
15162076,1
1516345,1
15165532,3
15167457,1
15169706,2
15172423,1
15175435,0
15176685,3
15180835,3
15181401,1
15182139,2
15188980,3
15189781,1
15189800,2
15191260,1
15191587,3
15193471,3
15193668,2
15193939,2
15196300,1
15198767,0
15200727,3
15200998,0
15206990,3
15217131,3
15220012,1
15220594,3
15223738,1
15223814,3
15223903,3
15224298,1
15224627,2
15233698,3
15238023,2
15241630,3
15247730,3
1524884,0
15249792,1
1525112,3
15260182,2
15264973,2
1526697,1
15267097,3
1527133,3
15272537,0
15274666,3
15274670,1
15275765,3
15278032,3
15279417,3
15283485,3
15294387,2
15299181,0
15302308,2
15302787,1
15304592,3
15304616,2
15305197,0
15307010,3
1530836,1
15309442,1
15310639,3
15312096,3
15317925,1
15319704,1
15324531,3
15327617,3
15346745,3
15353873,1
15356085,1
15356657,0
15358441,3
15358853,1
15358868,2
15358872,2
1536276,2
15364709,1
15374792,1
15377466,1
15383046,1
1541306,3
15446660,2
15449150,0
15453848,3
15463829,3
15464783,3
15466792,3
15468367,3
15472185,1
15472677,3
15473502,0
15474171,2
15476575,0
15477492,3
15477567,3
15481334,3
15482080,2
1548248,2
15482502,2
15486373,1
15490072,1
15491374,3
15492353,2
15492789,0
15492949,1
15506067,1
15509022,3
15509083,3
15523323,1
15523393,0
15528779,1
15528910,3
15530681,3
1553169,3
15533466,3
15534261,1
15535495,3
15536093,1
15538933,1
15541087,3
15545310,3
15548759,1
15553821,1
15562654,3
15564950,3
15571443,3
15571828,1
15572491,3
15573541,2
15587240,2
15591456,0
15591756,1
15602505,2
15603203,3
15606733,0
15608043,3
15610252,1
15612617,1
15616772,0
15622265,3
15623221,1
15623613,0
1562431,3
15625713,2
15641975,3
15642753,2
15652441,3
15653006,3
15656360,3
15673098,1
15673801,0
15673894,3
15673999,2
15678729,3
15681940,1
15688961,3
15689088,3
15689804,3
15691793,1
15695500,0
15701493,3
15713151,3
15719741,0
15730346,3
1573044,3
15733631,2
15734707,1
15735119,0
15738536,0
15741753,0
15741848,2
15745138,1
15746053,0
15746480,2
15749735,1
1575174,1
15764256,1
15764958,0
15769918,3
15769967,1
15774238,1
15778725,3
15781531,3
15781835,3
1578953,0
15793648,3
15798610,1
15800226,1
15810908,1
15814479,2
15816106,0
15816586,3
15817848,1
15818697,0
15821644,1
15824212,1
15829494,0
15830983,3
15837967,0
15838684,3
15839875,3
1584260,0
1584317,1
15845130,2
15848261,1
15848979,3
15854186,3
15857741,0
15858959,3
15861942,3
15877748,3
15886667,1
15889546,3
15890448,3
15891326,1
15894770,1
15894964,1
15895329,1
15897310,3
15897822,3
15909709,3
15914128,1
15914517,3
15915547,1
15916851,1
15922817,1
1592650,0
15929820,1
15930233,3
1593244,3
15937606,3
15937908,0
15940774,3
15943172,1
15947531,1
15948916,2
15955950,2
15956086,1
1595776,1
15960148,1
15960694,1
15963401,1
15965311,1
15965438,3
15968406,0
15973098,3
15975721,3
15978926,3
15979021,3
15985559,0
15987536,1
15994014,3
15994720,2
15996057,3
16006861,3
16007391,1
16014845,3
16027809,1
16030275,1
16030622,3
16037751,1
16038713,1
16044227,3
16048456,2
16055807,2
16076379,1
16079640,1
16083628,1
1608405,1
16087911,3
16089221,3
16093405,1
16095446,3
16095766,3
16097539,3
16099893,1
16104966,3
16107454,3
16108749,3
16108781,3
16109116,3
1610994,1
16113620,2
16116013,3
16116055,1
16119478,2
16119805,0
16124442,3
16125499,1
16128933,1
16137240,3
16145415,1
16146466,1
16160627,2
1616359,3
161652,1
16167234,1
16167251,3
16173223,3
1617528,1
16177585,1
16181530,3
16181541,3
16190799,2
16197624,0
16198776,3
16199793,2
16200817,3
16202291,3
16204903,3
16208798,3
16212446,2
16214437,1
16214598,1
1621668,3
16217314,3
16220085,3
16220761,3
16223394,3
1622739,0
16229958,2
16230665,1
16230666,1
16232016,1
16234574,3
1623694,1
16238662,2
16238797,3
16239862,2
16249417,3
16253098,3
16254100,0
16257339,0
16264956,0
16266472,1
16275518,1
16275661,1
16275814,2
16281190,2
16283087,2
16293958,3
16295154,2
16296713,1
16299669,3
16304214,1
16311751,3
16313112,3
16316486,2
1631861,1
16326121,3
16329017,3
16335132,1
16337719,3
1634173,3
16343383,3
16354710,1
16360994,1
16377918,1
16378639,3
16379507,2
16379508,3
16381993,1
16382035,3
16386890,0
16393600,0
16393740,2
16394797,3
16399263,2
1640362,3
16411994,3
16413605,2
16413892,3
16418843,2
1642441,1
16426958,1
16427787,1
16431255,1
16435344,3
16437191,3
16448427,1
16452103,3
16454975,1
1645768,1
16472720,2
16472981,1
16480401,3
16483029,3
16492716,3
16495253,1
16503545,0
16505427,0
16505756,0
16508555,3
16522696,1
16527796,3
16540291,2
16540862,3
16541481,3
16548702,0
16555138,2
16562630,1
16567604,1
16571852,1
16585311,2
16585808,3
1659236,3
16595217,3
16596465,2
16596861,1
16600723,0
16601648,2
16603337,2
16644334,1
16647616,1
16648775,2
16651950,3
16670650,2
16671415,3
1667693,1
16684856,1
16686565,1
16691061,3
1669598,3
16700802,3
1670445,1
16704894,0
16709205,3
16712638,2
16714498,3
16719652,2
16729400,1
16730335,2
16730541,3
16731138,1
16731878,3
1673324,1
16733916,1
16739368,3
16740812,2
16750325,0
16752282,3
16753722,2
16757200,0
16767966,3
16772581,1
16772718,1
16784930,1
1678925,1
16791814,0
16792607,3
16794504,0
16794570,1
16797292,1
16801333,2
16802487,3
16804044,1
16806442,0
16822100,2
16824559,2
16824797,1
1682643,3
1683365,1
16840576,1
16845576,2
16846734,0
16850327,3
16855426,3
16855475,2
16859579,0
16864164,0
16864886,3
16870004,3
16879274,0
16879331,3
16879519,3
16880243,0
16882628,3
16882678,1
16887481,0
16889080,0
16890144,1
16900709,3
16904524,0
16904652,2
16904970,3
16907931,1
16908870,2
16909273,3
16911649,3
16911869,1
16915076,3
16919138,2
16920077,2
16923411,1
16926619,2
16930934,1
16939848,0
16940738,3
16942963,3
16948927,2
16950955,3
16957425,1
16957977,3
16961674,1
16963850,1
1697487,2
1697914,1
16981667,3
16981901,3
1699814,3
17003665,2
17009251,1
17009630,1
17010794,1
17014731,1
17019624,2
17019627,2
17035531,1
17037712,3
17045894,1
17046466,0
17047022,0
17050770,2
17051443,2
17054808,3
17064200,1
17069542,2
17069543,2
17069545,2
1707337,0
17073957,3
17074147,1
17076630,1
1707797,2
17078451,3
17082978,2
17083268,1
17089419,2
17093162,1
17097398,3
1710660,2
17113685,1
17114905,3
17118092,1
17123125,2
17126434,0
1712835,0
17133499,1
17140502,2
17149529,2
17149715,3
17152183,1
1715416,0
17156222,3
17156651,1
17160228,0
17164971,1
17165495,1
17171539,2
17174704,0
17174705,3
17175376,0
17178532,2
17178774,1
17179098,0
17179873,0
17194950,3
17196275,1
17196973,2
17198705,3
17201277,1
17201540,2
17207470,2
17208334,3
1721246,1
1722167,1
17224353,3
1723467,1
17241298,3
17244100,0
17244294,1
17252578,3
1725537,1
17259154,3
17276748,2
17276750,2
17276969,1
17280773,1
1728202,0
17286730,3
17290062,0
17293018,3
17297323,1
17297382,3
17302075,3
1730427,0
17312647,3
17316832,3
17321529,3
17321989,0
17322624,1
17324094,0
17331237,1
17331650,3
17334477,0
17341994,1
17356056,3
17356153,3
17357577,3
17362495,3
17365975,1
17366257,2
17367324,0
17375984,1
17377092,3
17383295,1
17387189,1
17387192,1
17388667,0
17391914,2
17393618,3
17395055,1
17402204,0
17404138,2
17404792,3
17408924,3
17410213,1
1741218,3
17414940,3
1742482,3
17426001,3
17426180,3
17432640,3
17433718,2
17434069,0
17438178,3
17443855,3
17445928,0
17450704,0
17453398,3
17466465,2
17467265,0
17467416,2
17471343,3
17472664,1
17472838,1
17477785,0
17479312,1
17481800,1
17482439,1
17490965,1
17490976,1
17491486,3
17501728,2
17505437,3
17505452,0
1751081,1
17511685,3
1751266,3
17513813,0
17516492,2
17516971,3
17519148,1
17519714,3
17521473,3
17525360,3
17535502,1
17544361,2
17548021,1
175669,0
17572835,1
17574073,0
17575230,0
17579182,3
1759534,1
17595435,1
17597498,2
17603862,3
17608965,3
17613280,1
17616069,3
17617281,3
17618948,1
17621027,3
17623816,1
17624203,1
17625432,1
17631392,3
17634259,1
1764390,3
17657694,3
17662102,3
17664467,0
17666359,3
17691581,3
17694216,3
17695603,3
17698601,3
17700083,2
17700649,1
17702798,3
17715164,1
17717132,1
17717526,1
17719303,1
17721955,2
17722826,3
17722829,2
17723125,3
17724294,1
17762804,3
17767200,3
1778354,1
1780092,3
17845737,3
17848325,3
17849093,1
17852793,1
17852958,1
17853393,0
17868242,3
17872451,1
17880325,1
17884602,1
1788685,3
17897478,3
17899340,2
17901383,1
17901881,3
17907108,1
17909199,0
17912634,0
17917935,0
17926617,2
17929164,2
17931375,3
17934527,2
17934678,3
17935144,0
1793881,3
17940245,3
17941770,3
17941914,3
17942872,0
17943674,3
17947289,2
17947724,0
17950167,1
17954768,1
17954800,3
17958625,3
17959585,3
17959958,1
17961229,1
17961835,3
17967671,1
17968030,2
17971587,0
17972048,3
17972479,3
17974096,3
17977295,3
17979862,1
1797999,1
17983307,2
17984242,1
17985004,1
1799151,3
1799472,0
17997772,3
17998493,3
17999404,0
18004169,3
18026891,2
18029492,1
18035192,1
18040663,1
18051010,3
18054932,3
18056791,1
18062520,3
18067498,1
18070300,3
18073312,1
18077065,1
18077611,3
18078449,2
18080171,2
18082528,3
18093356,1
18096070,1
1815520,1
18157013,0
18161643,3
18161677,1
18164307,1
18165484,3
18166533,3
18184678,3
1818543,3
18189160,0
1819001,1
18205945,3
18208642,1
18215978,1
18217284,3
18229990,2
18235123,0
18235151,1
18242415,2
18243378,3
18246895,3
18248651,1
18249478,3
18251162,0
18261537,1
18270751,1
18271235,3
1827322,3
18273636,3
1827602,2
18278302,3
18288059,0
18289310,3
1829841,1
18298579,3
18299305,3
18303031,0
18307223,1
18318721,3
18320520,3
18321372,0
18322594,3
18322606,1
1832287,1
18328090,3
18328868,2
18330493,1
18333888,1
1833682,1
18337049,1
18337284,3
18339046,3
18339093,2
18339525,3
18341602,3
18343039,1
1835223,3
18353086,0
18355797,3
1835619,0
18357902,1
18362489,1
18368792,0
18371465,1
18374024,3
18376682,3
18382824,1
18390022,0
18391640,1
18394874,1
18395723,1
18397386,3
184069,0
18409186,0
18410301,3
18415946,3
18417969,0
18420953,3
18429536,3
18431444,3
18431478,3
18443393,2
18448859,2
18449445,0
18453793,1
18462303,3
18467912,3
18470779,2
18485420,2
18486741,0
18488812,1
18492829,1
1849786,0
18501909,3
18503531,2
18512510,3
18522171,0
18523583,1
18535816,1
1853794,3
18540211,3
18541792,3
18544974,3
1854617,0
18547294,3
18555063,2
18556619,3
18556898,2
18561117,3
18565251,3
18566204,3
18566882,2
18572078,3
1857525,3
1857873,1
18581595,0
18582177,2
18588611,3
18590393,3
18592368,2
18602522,1
1860302,3
18606053,3
18606932,1
18609155,3
18618513,0
18626761,2
1862788,3
18629569,1
18632218,0
18633049,3
18635304,3
18665413,1
18666040,1
18670875,1
18672629,1
18676757,0
18678578,3
18678836,0
18679829,0
18681363,3
18684258,1
18686184,0
18701020,1
18702687,3
18702754,3
18704672,2
18711222,1
18714238,1
18716736,2
18717174,3
18717189,3
18721764,3
18726150,2
18752063,2
18761646,1
18773733,2
18779477,3
18781287,3
18783079,3
18783414,3
18783504,1
1878735,0
18787937,2
18791939,1
18794865,0
18795522,3
18802150,0
18802161,0
18802980,1
1880321,3
18806616,1
18812446,3
18818024,1
18824288,1
18836092,3
18837418,0
18843564,1
18845704,1
18845806,1
18845996,0
1884668,3
18849616,3
18852963,2
18855271,1
1889248,3
18946011,3
1894676,3
18948032,1
18953651,0
18957157,3
18957505,1
18957616,1
18958161,2
18971406,2
18972730,3
18975051,3
1897766,3
18982929,1
18983318,3
18989547,3
18991158,2
19001103,1
19001830,1
19002124,1
19011453,1
19017582,1
19019444,3
19022794,3
19023654,2
19035420,3
19040172,1
19047882,0
1904908,1
19051459,0
19054570,1
19054718,1
1905592,1
19062727,0
19066101,3
19073386,3
19080323,0
19081412,1
1908493,1
1908729,3
19092729,3
19096921,2
19102810,1
19103729,0
19106322,1
19108790,3
19109542,1
19109835,3
1911013,3
19111789,3
1911498,3
19117033,3
19122080,3
19127003,2
19127179,1
19135077,2
19135235,3
19138400,0
19139601,1
19143691,3
19144729,1
19148734,2
19153828,0
19154562,2
19155155,0
19155827,3
19159477,1
19159999,3
19169102,3
19169289,0
19169898,1
19171500,3
19174717,3
19176440,1
19182698,3
19188136,0
19192127,3
19193781,0
1919850,1
19199847,0
19201326,1
1920171,1
19207322,3
19207781,3
19217236,3
1922235,3
19223284,1
1922868,3
19232615,3
19235039,1
19242343,1
19243606,0
19247233,3
19264972,1
19268506,1
1927197,0
19272375,1
19278832,3
19280799,3
19282350,0
19284641,2
19301086,3
19301089,1
19301691,1
19301724,3
19304046,3
19309326,2
19324944,1
19330493,1
19330795,1
19333040,0
19346279,2
19353317,3
19357315,1
19365397,3
19365716,2
19368912,3
19368937,1
1937073,3
19371522,3
19371887,1
19376304,1
19396947,1
19397502,3
19404150,3
19407805,1
1941391,3
19415341,0
19415409,1
19430389,3
19433686,0
19435491,1
19436938,1
19437058,1
19459553,3
1945967,3
19462303,1
19470793,0
19470807,1
19470936,0
19480863,1
19481433,3
19487623,2
19491859,3
19502023,3
19508318,2
19512937,1
19515873,1
19516150,1
19523608,3
19523697,3
19526613,0
19531038,1
19535468,2
19544653,3
19545929,0
19552744,3
19552904,1
19562475,2
19563641,1
19564877,1
19565731,3
19570717,3
19574500,1
19577150,3
19590075,3
19590523,3
19591981,1
19594501,1
19595104,0
1960378,0
19606510,2
19608530,3
19620953,2
19621686,0
19622708,0
1963383,0
19638081,3
19641009,1
19644033,1
19644973,0
19646778,0
19657698,0
19660462,3
19661796,0
19666626,1
19672771,0
19675193,1
19680697,3
19681257,3
1968178,1
19681862,3
19682100,0
19682342,3
19686304,2
19691092,0
19692186,1
19696287,3
19701509,3
19701647,1
19702485,2
19705924,3
19708471,2
19708562,3
19713225,1
19716589,3
19718941,0
19727232,2
19729979,0
19763803,1
1977089,3
19772883,2
19779611,1
19779715,0
19780729,3
19781408,1
19786383,1
19786879,2
19797985,2
19798489,2
19801029,1
19802506,1
19803237,3
19805710,1
19807791,1
19808281,1
19814586,0
19817753,3
19821888,1
19833610,1
19833962,3
1984893,1
19852789,3
19852790,2
19853700,1
19858761,2
19861631,3
19864187,3
19880586,1
19884541,2
19886920,3
19895777,3
19897063,3
19897177,2
1990041,3
19901118,0
19904268,0
19904596,2
19910076,0
19910194,0
19910815,1
19911168,1
19912211,1
19915222,1
19918712,3
1991872,3
19919399,1
1992319,3
19926166,3
19928389,1
19931151,3
19941058,2
19948568,2
19948625,2
19951297,3
19958108,3
19958431,3
19958945,3
19965647,0
19968048,2
19968217,1
1996926,1
1997878,3
1999025,1
19995250,3
19996335,1
19998583,3
20001837,2
20004739,1
20004758,1
20008622,0
20010551,2
20010618,1
20017819,3
20019137,1
20020319,2
20023215,0
20027352,3
20028938,1
20031809,1
20034362,1
20035541,3
20038728,3
20042310,0
20043831,1
20048611,3
20051135,3
20054544,3
20056901,1
20058059,2
20061334,3
20061873,2
20068494,1
20069077,1
20070284,0
20084587,2
2008691,2
20087785,0
20089562,0
20090434,3
20100962,0
20102444,3
20102495,3
20104460,1
20106358,1
20109864,1
20113305,2
20122038,2
20124059,3
20124218,0
20137718,0
2014078,1
20145986,2
20147856,0
2014978,3
20149953,3
2015149,3
20152225,1
20152559,1
2015394,0
20155309,2
20157845,2
20159310,3
20164800,3
20167900,0
20185596,1
20189026,1
20189663,1
2019772,0
20199680,0
20201661,3
20201949,0
20203165,1
20203546,3
20204689,2
20204691,2
20206437,3
20209171,3
20216293,3
20218011,3
20220293,1
20221773,1
20226474,0
20226548,1
20228284,2
20229169,0
20232240,2
2023746,3
20237484,3
20304413,1
20305865,3
20307262,0
20329618,3
20332358,1
20337981,2
20338811,0
20345030,3
20356395,3
20356587,1
20357382,1
2035777,3
20362507,0
2036277,3
20367417,3
20369616,1
20378181,2
20379614,1
20386431,0
20390261,1
20394631,3
20406576,2
20413513,1
20415897,1
20431081,1
20431290,1
20434046,1
20439105,1
20440639,2
20447037,3
20447774,0
20452382,2
20456192,3
20460711,1
20470677,3
20472253,1
20484002,2
20484550,1
20484620,1
20486273,1
20486905,1
20488452,2
20491838,3
20494434,2
20496000,3
20500493,1
20500784,2
20504165,3
20506785,3
20508979,2
20509069,3
20513659,2
20519346,0
20522464,3
20526599,3
20530107,3
20530957,3
20535539,2
20536364,3
20537413,2
20538165,1
20548043,2
20560622,1
20560900,2
20562617,3
20569725,1
20569998,1
20576092,3
20584070,1
20587582,1
20590478,3
20592840,3
20594308,3
20598044,3
20603436,0
20605942,2
20608027,1
20615885,0
20616786,1
20618920,1
20620365,3
20624257,1
20630604,2
20633669,3
20635521,2
20636866,3
20637249,2
20638818,0
2064495,1
20646286,3
20647058,1
20647483,1
20654755,1
20657150,3
20661580,3
2066441,3
20673485,0
20673857,3
20674829,3
2067508,3
20675425,3
20680681,0
20683712,1
2068469,3
20689977,0
20694273,1
20694508,2
20697791,2
20705223,1
20708275,1
20712132,3
20723873,0
20726255,3
20726258,3
20730486,0
2073645,1
20739054,1
2074057,0
2076713,1
20796074,3
20804366,2
20806998,2
20813580,1
20815045,1
20817247,3
20822543,2
20828635,0
20830241,1
20831671,3
20837163,1
20839989,3
20843746,3
20844187,2
20851499,3
2085344,1
20854436,3
20863389,0
20865676,1
20865678,1
20875504,1
2087856,1
20881754,1
2088233,3
20884344,1
2089829,3
20920086,3
20924261,3
20932687,0
20934759,1
20936417,0
20937044,3
20940688,3
20943715,1
20946200,2
20946966,0
20952020,1
20957631,0
20957980,0
20965956,1
20966820,3
20973459,1
20973712,2
20976617,2
21029638,2
21030056,1
21034619,1
21035047,3
21036891,1
21038654,1
21040167,1
21042763,0
21042930,3
21044518,2
21047588,0
21047593,0
21048041,0
21048092,1
2105256,1
21054362,3
21055113,0
21060033,0
21063747,2
21067912,0
2107116,3
21072224,3
21083385,3
21084429,0
21087288,1
2108990,3
21090563,0
21097567,3
21098003,1
21106341,3
21106663,1
21115906,0
21118369,1
21120480,0
2112233,1
21126245,2
21131142,1
21135366,1
21142736,3
21145428,1
21148662,1
21148666,3
21154265,1
2116385,3
21170734,1
21171314,0
21183747,1
21188521,0
21189767,3
21190079,0
21193295,1
21204103,3
21206549,3
21207788,3
21211686,1
21214129,3
21220480,0
21222024,2
21224870,3
21226576,3
21233425,2
21237718,3
21238531,3
21243370,3
21260940,3
21261975,1
21262119,1
21266651,1
21270510,1
21272822,2
21276573,1
2128415,1
21287255,2
21288666,1
21295919,2
21300377,1
21304253,1
21309374,2
21309696,2
21316048,3
21317341,1
21320312,3
21321333,3
21324150,1
21327867,1
21329577,1
21334061,1
21334545,3
21346207,2
21354925,3
21355149,3
21366734,3
21379582,2
21385351,1
21385365,3
21389925,3
21392837,1
21393467,1
2139523,0
21396848,3
21402409,2
21410033,1
2141092,3
21412846,1
21416590,2
2141713,0
21418212,2
21418794,1
21419391,2
2142040,1
21424566,3
21425723,3
21429223,3
21430242,1
21432860,1
21432861,3
21433319,0
21434379,3
21434781,3
21439528,1
21445888,1
21450630,1
21457605,2
21458811,3
21463068,3
2146389,3
2146875,3
21484217,3
21484517,2
21487259,2
2148830,0
21491990,3
21512834,2
21531178,1
21534846,0
21543343,0
21545527,1
21546263,1
21548512,3
21552085,2
21552726,2
21574725,2
21575074,2
21575130,1
21576129,1
21586215,3
21586714,1
21593282,3
21595978,1
21596605,1
21598839,2
21599896,0
21600592,1
21610189,2
21616612,3
21618513,0
21621992,1
2162258,1
21629200,2
21632816,1
21635675,1
21636141,1
21639806,0
21639907,3
21646599,1
2165088,1
21654265,3
21660428,2
21661164,3
21664059,0
21664757,1
21665462,0
21667200,2
21669557,1
21669583,1
21672315,1
2168532,0
21690083,2
21692873,1
21694630,2
21704300,1
21705084,1
21718094,1
21719717,1
21720441,1
21720723,2
21721430,3
21724047,3
21740578,3
21742443,1
21753062,1
21761341,0
21767149,3
2177746,2
21785360,2
21785368,1
21787048,2
21788433,1
21793626,1
21798536,3
21800222,3
21800228,2
21801451,1
21802739,1
2180462,3
21809679,3
21811855,3
2181434,0
2182235,1
21822762,2
21822764,2
2182521,0
21830957,1
21833823,2
2183734,0
2184179,3
21844080,1
21846665,2
21849168,1
21851906,1
2185458,3
2185565,0
21859193,2
21859314,3
21860188,1
21864416,0
21866656,3
21869698,3
2187009,2
2188165,1
21887489,2
2188766,1
2188871,1
21892106,0
21896676,3
21900715,3
21902704,3
21908036,1
21909698,3
21914768,2
21914906,2
21915543,3
21915740,2
21918912,2
2192405,3
21924760,1
2192505,3
21929716,3
21930490,1
21931984,2
21935685,3
21938889,2
21946197,1
21949005,2
2195054,2
21950736,1
2195532,1
2196621,2
21967909,3
21975231,1
21975269,1
21975559,1
21978765,0
219802,3
21982657,1
21983766,1
21987240,3
21989146,3
21990307,3
2199180,1
21996146,1
21996342,3
21997224,3
21998264,1
22001361,0
22001391,0
22006202,3
22006695,1
22007005,2
22008443,1
22011217,3
22014222,2
22015462,3
22020134,1
22026323,2
22035883,3
22038501,0
22038637,1
22039290,1
22040533,1
22045148,3
22045826,0
2204661,1
22048089,3
22050040,3
22050796,3
2205798,1
22066521,2
22066973,3
22067237,1
22079053,3
22079088,1
22079469,3
22080631,2
22080777,2
22082303,3
22082673,1
2208619,3
22092038,1
22092536,3
22092941,3
22101219,0
22112544,0
22115710,3
22118062,2
22124576,1
22129897,2
22131601,3
22133572,0
22133872,2
22134468,1
22136317,0
22146934,2
22147942,0
22151475,3
22151477,2
22153696,1
22154769,3
22156577,1
22156967,3
22160347,2
22182296,2
22185349,2
2218657,3
22198983,1
22214113,2
22215436,2
22219012,3
22221670,2
2223363,1
22236501,3
22238957,3
2224060,0
22240882,3
22244705,2
2224810,3
2225700,3
22265360,2
22271197,2
22273828,3
22275153,3
22277317,1
22277402,3
22278094,2
2228570,2
22294238,1
22306962,2
22311204,2
2231203,3
22320409,3
22324448,3
22325844,3
2232625,1
22330261,3
22332211,3
22341427,1
22342106,2
22344198,1
22348801,3
22349989,1
22369958,2
22370992,2
22374696,0
22377512,1
22382875,1
22385102,3
22392415,2
22395144,3
22401811,3
22402015,2
2240543,3
22412171,3
22414202,2
22414705,2
22416755,2
22419350,3
22420121,2
22421496,3
22434360,0
22435114,2
22438600,3
22446996,1
2245435,1
22456820,2
22459310,1
22465608,1
22465904,2
22471381,2
22475864,3
22476876,1
2248073,3
22480794,1
22485232,3
22488107,1
22490110,2
22492697,0
22495940,2
22496207,1
22499291,1
22502844,2
22510874,0
22511135,1
22512510,2
22513516,1
22525955,2
22526891,3
22527308,3
22531825,2
22537359,2
22538329,1
22548691,1
22550938,1
22565161,3
22565413,0
22572567,3
22574591,1
22578685,1
22582764,2
22583459,1
22583635,0
22585469,3
22585532,0
22586827,3
22587862,2
22588377,2
22588803,1
22595172,3
22608375,3
22610128,2
22616853,2
22617130,0
22617366,3
22628369,3
22631032,1
22634446,0
22638779,3
22640463,0
22646975,3
22648717,1
22659656,1
22669453,0
22670827,3
22676466,2
22678947,2
22682024,3
22683613,0
22686292,1
22690882,1
22690994,3
22692114,1
22692116,1
22695168,1
22696144,3
22696626,2
22698563,1
22709747,1
22709810,1
22712208,3
2271374,1
22721596,2
22721929,1
22723176,1
22727707,1
22728026,0
22732966,1
22732975,3
22735897,2
22740508,1
22743137,3
22744141,2
22750958,1
22752489,2
2275907,3
2276106,2
22768793,1
22777592,3
22782459,2
22789149,3
22795327,0
22800470,0
22808053,0
22810989,1
22818151,0
22821273,1
22825926,2
22834767,1
22838229,3
22843280,3
22845070,2
22847319,3
22850220,3
2285166,1
22853706,3
2285871,3
22865017,3
2286596,3
22881991,2
22882961,1
22884754,1
22892323,1
22897461,1
22903518,2
22904179,2
22906113,2
22906338,3
22917554,1
22920273,3
22921159,1
22923209,2
22924950,0
2292547,3
22926008,0
22940159,2
22946606,2
22951426,3
22956006,0
2295911,0
22964266,2
22965298,2
22967497,1
22968615,3
22972771,0
22982948,1
22983407,3
22985336,3
22987106,1
22987458,2
22987897,2
22989372,3
22989921,2
22999292,2
23000125,3
23001240,1
23016708,1
23017624,0
23019005,2
23020253,1
23021296,1
23021480,2
23021898,2
23027887,0
23039709,3
23045243,1
23045537,0
23046525,0
23052635,3
23061531,1
23065117,2
23065684,0
23066765,2
23073171,1
23075031,1
23076431,1
23084254,0
23084676,3
23092665,3
23095369,1
23097006,1
23101741,2
23101743,2
23102530,3
23102821,1
23103798,3
23104617,2
23104718,0
23104956,1
23107353,1
23108780,3
23111617,2
23113962,0
23114568,2
23114870,3
23118244,2
23118720,3
23127292,0
23127528,0
23128568,1
23130813,2
23134960,3
23135337,1
23140338,2
23160656,1
23164311,2
23173253,3
23185761,3
2319047,2
23192919,1
23197299,1
23205521,2
23205617,3
23212807,2
23224592,2
23228924,0
23229426,1
23233021,2
23241003,1
23246790,1
23249643,1
23257173,1
23266440,0
23274597,1
23275644,0
23280086,0
23285026,3
23292082,0
23296213,1
23303244,1
23306077,1
23312881,0
23321692,3
23323659,1
23326865,1
23332872,0
23334070,3
23337964,3
23339584,3
23343686,1
23349254,1
23356250,3
23357440,2
23360819,1
23361064,2
23361105,1
23361389,1
23362251,2
23365106,1
23379240,1
23379651,1
23381483,2
23381958,1
23385110,2
23386127,0
23392460,3
23392542,1
23394513,3
2339965,1
23400613,2
23404659,2
23405154,3
23405947,1
23407221,3
23410851,2
23414585,0
23416308,3
23417625,2
23428834,1
23432894,2
23436524,3
23438314,2
23444169,3
23463854,2
23465566,1
23466353,3
23466656,2
23469597,0
23475835,2
23477890,0
23481373,2
23482575,1
23482762,3
23483320,3
23484763,3
23494559,2
23500669,2
23504941,2
23510581,2
23510984,0
23511149,1
23512255,1
23514246,0
23518801,1
23524367,1
23524942,0
23525780,1
23528101,3
23531317,1
23532629,0
23535873,1
23539079,1
23547660,3
23549581,0
23562009,3
23562192,3
23566237,3
23578015,2
23578065,2
23586852,2
23587455,3
23588127,3
23590124,3
23592849,2
23605599,0
23605805,3
23609382,1
23610236,2
23611569,1
23613224,1
23614586,3
23619951,2
23621350,3
23623047,1
23624061,2
23630033,1
23632800,3
23639612,0
23642776,1
23647705,3
23647761,3
23648162,1
23652826,1
23659834,3
23660099,1
23676253,2
23678498,2
23680243,1
23688137,2
23688830,3
23688859,2
23690414,0
23699515,2
23713303,3
2371368,1
23715475,3
23715565,0
23716291,1
23716409,2
23727103,3
23735703,0
2374275,1
23746205,1
23747131,3
23749007,0
23753523,1
23754339,2
23760519,3
23766737,2
23768813,1
23773380,0
23773886,2
23773944,3
23774272,1
23775967,0
23776270,1
23778526,0
23782126,2
23782128,2
23782653,1
23801256,2
23802768,0
23806094,2
23808817,0
23811316,1
23812661,2
23812665,2
23815478,2
23820434,2
23821414,2
23827399,1
23828383,0
2382949,3
23836550,2
23838275,2
23838727,2
23838728,2
23839319,3
23849147,3
23857884,3
23860945,2
23862237,3
23865673,3
23869063,3
23870440,2
23870503,1
23873901,3
23874533,2
23875574,2
23880333,2
23886027,2
23888359,2
23890774,2
23893098,2
23893101,2
23896590,1
23902627,2
23905378,3
23909380,1
23925092,1
23929781,1
23931247,3
23940214,3
23942329,0
23942708,1
23944980,3
23952636,3
23952897,3
23955236,3
23959380,2
23964752,3
23965288,2
23972722,0
23975885,1
23980091,0
23980121,3
23984944,2
23985254,0
23988781,1
23992605,3
23993773,2
23995030,3
24004700,0
24006504,0
24007198,3
24011178,1
24012722,2
24018545,2
24021291,1
24022375,2
24027014,0
24032193,2
24033239,2
24035299,3
2405107,0
2405223,3
24061784,2
24065423,1
24067301,2
2406863,3
24069775,3
24070810,3
24074927,0
24075141,2
24076133,2
24077211,3
24080592,1
24083350,3
24085050,3
24089423,2
24090047,3
24092940,0
24097277,0
24101016,0
24101715,2
24101716,2
24103072,3
24104511,2
24104513,2
24105031,1
24107284,1
24112670,3
24113340,2
24119994,3
24122191,3
24127304,0
24132766,0
24138011,2
24146058,3
24146455,1
24147543,3
24156287,1
24158898,3
24161568,0
24164087,3
24173178,3
24184410,2
24189342,1
24195864,1
24200220,0
24201232,2
24201696,1
2420348,1
24213956,1
24214165,2
24214189,1
24214840,0
24215858,1
24216497,1
24217336,2
24225126,3
24225475,1
24229362,0
24231167,2
24231646,3
24234676,2
24237999,0
24242260,3
24246210,3
24252844,1
24256459,2
2426069,0
24261547,2
24263699,3
24266796,2
24266855,3
24268858,3
24272416,2
24274627,2
24275895,2
24277510,0
24280031,2
24281134,1
24282036,1
24286965,1
24290135,3
24291456,1
24292519,0
24293165,1
24309381,2
24315475,1
24315548,1
24317552,1
24317958,3
24318457,0
24320862,3
24323035,0
24324004,1
24324379,2
24325899,0
24327720,1
24330473,1
24335055,1
24336330,0
24337476,2
24338168,0
24345834,2
24345974,1
24350695,2
24350813,2
24352377,2
24356715,2
24365986,1
24366350,2
24371832,1
24372367,0
24375082,2
24384538,3
24384588,1
24387919,3
24391123,2
24393553,1
24399100,2
24402830,0
24406481,1
24408892,2
24417452,2
24418366,1
24424141,3
24431427,2
24433230,3
24435893,3
24436115,0
24437202,1
24447434,0
24451146,0
24451919,2
24457421,1
24460069,0
24467617,3
24472253,2
24473220,2
24488157,2
24490842,2
24502859,2
24505318,2
24506142,0
24515505,2
24517028,3
24518002,2
24526141,3
24530652,2
24532106,1
24534270,1
24534682,3
2454375,1
24549163,1
24550145,2
24554519,2
24557758,1
24559095,0
24559178,3
24564308,1
24564346,2
24573180,1
24576886,3
24599830,1
24602973,3
2461017,1
24610180,3
24612915,3
24626433,1
24626980,2
24628747,3
24630545,1
24634631,3
24635039,2
24635110,0
24637941,0
24637998,0
24641638,3
24652860,1
24656872,2
24658964,0
24660272,3
24660757,2
24661050,1
24662027,3
24662947,0
24666361,3
24673076,2
24675714,1
24675775,3
24676906,2
24679061,1
24679062,1
24682707,2
24684165,3
24684867,3
24685085,0
24687182,2
2468745,0
24689172,3
24691455,3
24694748,3
24694924,2
24708422,3
24710131,1
24713181,1
24713222,1
24714816,1
24716586,3
24716680,1
24722560,3
24722763,2
24726342,1
24727325,0
24730708,2
24732169,1
24732316,0
24737062,1
24738609,3
2474057,0
24740733,3
2474103,1
24749259,3
24752311,1
24761456,3
24763663,0
24767004,2
24767206,1
24768960,3
24771618,1
24781441,3
24781567,3
24785600,3
24799074,1
24803366,2
24803369,2
24807158,0
24817216,1
24821891,0
24824660,2
24830566,3
24830937,1
24835171,1
24839882,2
24839884,2
24840596,2
24852722,3
24859114,1
2486557,1
24874588,3
24878589,1
24885187,0
24885551,1
24886549,0
24887304,1
24897394,3
24898318,2
24898574,2
24898665,0
24902456,3
24910215,3
24913600,1
24914426,3
24915013,3
24915929,2
24916506,0
2491829,0
24919102,1
24919961,2
24920862,2
24925605,2
24925924,1
24926950,1
24928832,0
24930179,2
24930383,1
24930546,3
24934732,3
2493733,1
24938562,0
24939380,3
2494948,0
24958585,2
24960665,1
24961537,1
24964689,1
24965333,1
24972577,3
24973545,2
24974254,2
24981013,2
24982504,3
24986270,3
24988118,1
24988121,2
24989854,2
24992750,3
24998293,0
25001365,1
25001543,2
25009139,2
25012645,0
2501509,3
25015354,1
25017958,3
25022248,2
25022743,2
25029834,3
25040756,3
25044079,3
25044819,2
25045936,1
25047312,3
25048751,3
25053766,2
25056444,3
25062129,1
25066648,3
25068497,3
25070364,1
25074072,3
25078976,1
25080906,1
25082565,0
25083601,2
25084009,1
2508567,0
25086152,3
25087908,2
25088089,1
25101527,2
25101966,2
25102328,1
2510260,3
25119339,1
25122429,0
25122693,0
25142189,0
25149412,2
25162407,3
25178668,1
25179065,3
25180722,1
25186034,1
25187485,1
25193142,2
25195982,1
25197765,3
2521868,3
25223836,1
25223963,1
25224595,3
25225698,0
25225951,1
25229605,1
25234471,2
25234479,2
25234481,2
25238860,2
25241527,0
25246602,2
25246693,3
25252600,1
25253808,3
25256627,2
25260191,2
25262168,1
25264862,2
25265769,3
25265770,3
2527542,1
25279666,0
25282520,1
25283504,1
25284194,1
25286703,3
25287262,3
25292351,2
25294011,1
25294277,1
25296247,1
25304364,1
25304947,0
25311217,0
25313065,2
25314063,0
25319807,0
25323335,1
25342184,3
25342205,3
25344395,1
25346345,2
25348544,3
25348594,1
25349264,3
25350539,2
25359159,1
25365653,3
25367544,2
25369243,2
25380801,3
25392671,3
25403582,0
25407464,3
2540788,0
25424398,2
25428632,3
25432493,3
25432505,2
25437533,1
25439417,3
25441055,2
2544249,0
25449737,2
25450124,1
25451017,2
25452054,2
25453593,1
25455414,3
25456370,3
25459500,1
25465111,3
25471330,3
25474530,2
25475363,2
25479285,1
25481453,3
25488965,0
25492271,1
25496415,1
25497243,1
25502833,3
25515056,3
25516338,0
25519880,3
25524655,1
25526101,3
25526831,2
25526832,2
25527253,3
25528326,0
25530107,1
25532076,1
25533997,2
25534295,0
25542620,0
25542821,3
25542917,1
25546925,1
25549656,1
25552279,1
25555877,3
25560349,3
25561389,3
25564411,0
25568377,1
25568383,1
25572620,0
25577772,1
25579054,3
25580916,2
25589191,0
25594611,3
25612845,3
25616941,1
25617202,0
25619686,0
25622776,3
25623276,3
25629971,2
25640884,0
25643864,2
25644279,3
25644584,3
2564725,1
25648577,1
25656334,2
25659440,3
25659828,2
25660225,0
25668435,2
25670026,3
25670541,0
25673113,1
25675062,3
25681235,1
25690266,3
25691677,0
25694364,2
25700292,1
25714521,3
25719544,3
25726411,1
25733274,1
25744288,0
25760553,2
2576261,1
25764092,1
2577555,0
25776840,1
25778317,0
25778837,2
25784723,1
25791707,3
25795413,1
25795561,2
25797097,2
25798575,1
25798729,3
25801058,1
25801501,3
25806587,1
25807670,3
25810108,3
25818246,2
25820842,2
25822242,2
25840597,0
25840599,3
25841244,1
25842725,1
25851025,3
25854713,1
25861158,2
25865294,1
2586565,3
25865762,1
25865864,3
25871593,2
25885180,1
25885649,1
25886492,0
25887586,3
25888263,0
25892145,0
25893544,1
25898050,2
25898782,3
2590611,1
25907208,3
25910710,2
25912520,2
25912590,3
25915138,3
25919773,3
25920470,1
25923852,2
25931290,2
25934164,3
25950425,3
25953148,2
25957107,1
25963425,0
25963675,3
25973096,3
25978402,3
25992523,1
26002536,1
26016867,1
26035186,1
26036434,1
26036646,2
26037035,1
26037484,1
26040302,1
26046796,0
26052790,2
26053242,3
26054177,3
26058489,1
26068086,3
26068449,3
26078323,3
2607948,1
26082615,1
26100611,2
26109247,2
26121801,3
26122384,1
26122982,1
26129831,2
26135372,3
26138912,0
26139208,3
26148018,2
26151440,2
26153884,1
26156941,1
26158622,3
26160997,2
26166077,1
26173631,1
26181707,1
26204331,1
26205311,1
26208985,2
26209587,1
26210844,2
26214440,3
26217065,1
26223240,1
26224825,3
26225500,3
26225700,0
26244758,0
26266420,1
26278470,2
26279073,1
26279130,3
26315857,0
26315981,2
26316279,2
26317618,1
26323772,1
26382998,3
26385172,3
26388532,3
26398887,1
2642730,0
26442399,1
2644391,3
26446239,0
26448791,2
26449739,0
26449882,2
26467901,3
2647294,0
26485385,3
2648816,3
26499867,1
26510263,1
26510728,2
26527417,1
26529471,1
2653041,3
26551184,3
26551748,2
26554619,3
26573368,2
26606872,3
26609668,1
26628383,1
2663585,1
2663834,2
26650831,0
26653722,3
26665290,3
26678641,1
26691535,2
26712084,0
26725450,3
2672925,3
26742304,3
26746121,2
2678230,1
2678349,2
2679258,3
2682347,2
2688237,3
26882812,1
26902035,3
2690913,0
2691638,2
2691974,0
2693850,0
2694356,3
2696035,0
2698934,1
2699786,3
27025129,1
27036056,2
2709180,3
2711711,1
27348905,3
2741888,1
27532829,1
2755692,3
2761917,0
2764265,3
2768768,1
2780120,2
2788816,3
2803397,3
2808984,1
2831788,1
2834996,3
2855516,1
2859779,1
2860373,0
2865615,3
2868645,1
2869714,3
2871744,1
2871945,0
2881132,3
288173,0
2882234,1
288486,0
2885607,0
2885887,3
2890442,1
2891940,1
2895910,3
2908133,3
2915887,0
2928074,3
2932908,0
2936772,3
2939214,1
2943781,1
2947151,1
2949396,1
2956874,1
2959901,3
2963645,3
2968595,1
2973215,1
2975949,1
2975995,1
2990708,0
3001523,3
3010510,3
3030386,1
3056498,3
305873,3
3059450,3
3063541,0
3065176,3
3067745,3
3073441,1
3074300,1
3075724,1
3076138,1
3081148,1
3081600,1
3085131,1
3089050,3
3089263,1
3098341,3
3098997,1
3103932,0
3108794,3
3112261,3
3114351,1
3116609,3
3117477,1
3119086,2
3122275,1
3123115,1
3124456,1
3131904,0
3132778,3
3134815,3
3137065,1
3139179,0
3146231,3
3156347,3
3166942,3
3168620,2
3174738,1
3180669,1
3183852,1
3189201,2
3207656,3
3220672,3
3236940,3
3260083,3
3277760,3
3278754,0
3278798,0
3279698,0
3284632,2
3286673,1
3287226,1
3287907,3
3287999,3
3292597,1
3296982,1
3299950,3
3300426,3
3300436,3
3303886,1
3304622,3
3305203,0
3306431,3
3307414,1
3307623,3
3307842,0
3313023,3
3314516,1
3314599,3
3315991,3
3318754,2
3319640,1
3324498,3
3331506,1
3333530,1
3337028,1
3341795,3
3342655,1
3353525,3
3370523,3
3382462,1
3385217,3
339662,0
3410812,2
341733,3
341946,3
3430295,3
3434628,2
3447334,3
345802,1
3475309,3
347921,1
3503390,0
350565,3
3516395,0
3516608,1
3519095,3
3519550,0
352099,1
3528402,0
3531514,3
3532353,0
3533340,3
3534803,3
3535021,3
3538985,3
3539897,0
3541596,1
3541602,1
3543069,2
3544187,3
3545842,1
3546120,1
3548346,1
3548803,3
3549874,2
3550340,0
3553277,1
3556337,1
3557014,3
3563413,1
3586567,3
3594511,1
3602307,2
3602327,3
3608343,3
361799,0
3617996,0
3624669,1
3630589,3
3653128,1
3673207,3
3675403,3
3690941,3
3704665,0
3710012,1
3715614,0
371644,1
3732715,1
3739807,2
3741313,2
3745846,3
375690,1
3803417,1
380614,1
3812946,3
3816105,1
3818024,1
3825543,3
3830804,0
3839157,0
384024,3
384574,0
384815,2
3859359,0
387204,0
3877292,3
3881176,0
3882217,0
3884411,3
3885290,2
3885865,3
3886510,3
3890395,1
389265,0
3895875,1
3896455,0
3900301,0
3903063,0
3911965,3
3919804,1
3923528,2
3926042,3
392623,3
3931144,3
393286,1
3940160,3
3950826,1
3954130,1
3957541,0
3960619,1
396063,1
396086,1
3962622,3
3963358,1
3976757,3
3998250,2
4004503,2
4016785,0
4025245,2
4037540,3
404962,3
4077545,2
4085165,3
4101734,0
4127641,1
4154124,3
4157501,1
4165041,1
417361,1
418433,2
4187541,3
4198313,3
4220015,0
43164,1
4346973,3
4353587,0
4404700,2
4407133,3
4448416,1
4459905,3
447787,3
4479815,3
4605864,3
4615718,3
4619431,1
4623522,3
4678681,1
4716523,3
4752239,3
4772206,3
4818631,1
484261,1
4908199,3
4919024,3
4938245,3
4949377,3
500415,0
5052446,0
50611,0
507792,0
5090759,3
526820,3
5322596,3
5341828,1
5378631,3
5410150,0
5431057,3
543887,3
550796,1
5512598,3
555487,1
5556863,3
5573167,2
5575706,3
5653418,3
5980490,2
605912,1
6108264,3
6108319,3
6111083,1
6113821,3
6116246,3
6119875,1
6122555,1
6123343,1
6123810,3
6124226,2
6125181,1
6131800,1
6134039,3
6134180,3
6143667,1
6146112,1
6148163,0
6148879,1
6150716,1
6151482,1
6182816,3
6189335,3
6206796,0
6227244,2
6261782,1
6307704,0
631030,1
6324934,0
6337497,1
6341410,3
6342928,2
6343259,1
6344196,3
6345111,3
6350097,3
6350412,1
6352035,3
6354030,1
6360688,1
6360773,1
6363798,3
6364880,3
6365881,3
6366124,0
6366148,0
6367857,0
6374683,3
6376144,3
6377221,1
6384285,3
6390445,0
6391269,3
6397729,3
6403021,1
6403413,0
6409006,0
6410450,1
6416184,0
6418295,1
6418441,3
6420374,1
6421395,1
6423162,3
6425480,1
6428372,2
6436868,1
6448998,3
6455048,3
6482920,3
6496450,3
6516935,2
6522132,1
653534,3
6552999,1
6586277,0
6624525,3
6630328,2
6633131,3
663366,3
6650773,1
6653648,1
6667628,1
6686808,3
6721970,3
6729651,0
6734073,1
6740101,3
6751144,3
6752752,1
6753091,3
6753858,1
6756508,0
6758263,3
6761890,1
6762195,0
6764321,3
6807568,1
6836750,0
6839001,1
6841763,1
6844471,3
6849726,3
6849742,1
6850464,0
6859471,3
6871470,0
688257,0
6882809,3
6885201,3
6920252,3
6927657,2
6938012,1
6938020,0
6951573,2
6958487,3
6980168,0
6984358,3
698606,3
6988462,3
6989377,1
6992570,0
7003882,3
7005474,1
7006663,0
7007454,3
7010528,1
7010662,2
7010854,1
7011331,3
7015093,3
701664,3
7017018,3
7017139,3
7028532,3
7029293,0
7032533,1
7032811,1
7035637,3
7036084,3
7036799,3
7037697,0
7044324,3
7047002,3
7048172,0
7053590,3
7056921,2
7069027,2
7072873,2
7075499,1
7080985,3
7092002,3
709549,0
7104637,3
7118776,3
7134226,1
7148967,2
7159500,1
7174605,2
7196452,2
7200736,1
7205145,3
7208897,0
7211918,1
7218018,3
7219904,1
7235205,3
7259216,3
7272152,3
7285032,1
7298122,2
7326194,0
7381634,3
7388581,3
7390376,3
7410734,2
7429786,3
7449282,1
7481533,0
7485923,1
7486842,1
7488285,3
7489845,1
7491394,2
7492158,1
7492424,1
7499684,3
7505498,3
7516831,0
7526007,1
7527107,1
7527453,0
7528271,0
7539544,3
7540705,1
7551999,0
7552649,3
7554709,1
7557852,1
7559165,2
7559252,2
7562882,1
7564450,1
7572690,1
7584286,2
7591314,1
7593098,1
7593698,3
7595068,1
7595712,0
7598243,3
7598920,1
7608035,2
7608801,3
7612555,3
7616334,3
7617857,0
7620474,1
7635420,3
7640140,1
7643653,3
7644960,3
7646610,3
7649753,3
7650233,3
7654128,2
7655889,1
7670096,3
7672876,3
7673658,1
7674231,1
7676782,3
7679164,1
7680306,1
7692028,2
7692109,3
7699494,3
7704288,1
7705531,3
7706098,1
7706148,2
7707405,0
7707420,0
7708953,0
7712308,1
7714229,1
7726441,3
772759,1
7733183,3
7733424,1
7739439,3
7742155,1
7743697,1
7755996,3
7761011,3
7761019,3
7774537,1
7789678,3
7799030,0
7801065,3
7803065,1
7806134,1
7808649,3
7809641,3
7810153,3
7814161,1
7814306,2
7814711,3
7815983,1
7820060,0
7824501,3
7825420,1
7826791,3
7827398,1
7829176,3
7831455,2
7831456,2
7831628,1
7840362,3
7841058,0
7844976,2
7851604,1
7853069,2
7856515,3
7857500,3
7859140,3
7862876,1
7865492,3
7871820,1
7873425,1
787788,3
7881024,3
7881454,1
7881703,3
7887018,3
7888291,1
7889896,1
7891203,1
7892971,3
7893582,1
789390,1
7896655,2
7906128,1
7907677,1
7910732,2
7910792,3
7923712,0
7923916,3
7924475,3
792738,3
7928125,2
7936339,1
7936677,3
7936969,2
7941489,2
7942578,1
7944932,3
7946102,3
7946254,2
7954555,1
7955250,1
7956382,3
7956629,1
7960300,3
7961334,2
7963648,3
7964693,2
7964960,3
7966066,1
7969211,3
7974179,0
7975860,3
7976148,3
7977921,1
7981078,0
7995312,1
7995325,1
7997384,3
7997386,1
799982,1
80115,3
8015504,1
8015776,3
8018108,1
8018457,1
8033763,1
8034784,3
8035029,3
8045623,3
8047747,0
8053586,3
8056005,1
8060436,1
8063348,1
8063943,0
8069156,3
8077143,3
8090084,1
8091822,1
8094114,3
8097925,1
8098276,1
8101194,1
8104273,1
8106772,3
8115195,3
8123267,3
8123947,3
8126502,1
8127293,0
8129324,3
8131429,3
8132701,0
8133853,3
8137583,0
813984,3
8141163,1
8141223,1
8155449,3
8156515,0
8159300,0
8161002,1
8162628,1
8169405,3
8179165,3
8179563,3
8197064,2
8198938,1
8208469,3
8208874,1
8210831,0
8210973,1
8213019,3
8214547,3
8215273,3
8217692,3
8222739,3
8227803,1
8237838,1
8238214,3
8245359,3
8255984,2
8259746,1
8260242,2
8268649,1
8272303,3
8274583,1
8275152,3
8275903,2
8276557,3
8277075,1
8279616,3
8281875,3
8282676,2
8292465,1
8296409,1
8297739,0
8305277,3
8311760,3
8318411,0
8323420,1
8331682,0
8332150,1
8333941,3
8334086,3
8338088,3
8338943,0
8352625,3
8363113,3
8367775,3
8374255,1
8376441,3
8376638,2
8378411,1
8383874,1
8387067,0
8391792,1
8392359,3
839327,1
8394956,1
8396304,3
8403910,1
8403942,3
8411891,3
8419816,3
8421029,3
8428787,1
8434135,1
8435259,3
8435382,1
8436638,3
8436744,1
8436747,1
8437833,3
8450402,1
8450514,3
8453557,0
8454478,0
8456467,1
8458681,1
8463520,3
8467027,3
8467286,0
8472567,1
8473426,3
8478759,3
8487324,0
8487344,3
8498878,2
8499152,0
8507025,3
8509099,0
8512622,2
8519720,3
8519722,3
8520804,3
8521712,1
8530236,3
8540453,1
8549289,3
8549538,3
8550361,3
8561059,1
8561526,3
8568534,1
8570775,2
8570776,2
8570879,1
8571077,1
8580292,2
8582461,1
8589555,1
8590792,1
8595286,3
8600885,1
8602105,3
8604728,3
8607589,3
8610775,3
8614301,1
8614420,0
8616024,0
8619354,3
8623941,3
8623957,3
8624213,3
862429,3
8624384,3
8627197,3
8628584,3
8636370,1
8639070,2
8640699,0
8644646,1
8644688,1
8655293,3
8655422,1
8656171,3
8657237,1
8667967,3
8669042,0
8673938,3
8676619,0
8681312,3
8686245,0
8689462,3
8707361,3
8708224,1
8708726,0
8709689,3
8712092,0
8712112,1
8712652,3
8722072,1
8726604,3
872859,3
8731496,1
8733449,3
8735490,0
8741469,3
8748041,3
8750409,3
8752181,1
8752254,1
8770026,1
8770304,3
8771302,3
8779018,3
8779382,3
8780429,1
8780837,2
8785132,1
8787364,3
8787889,3
8790079,1
8791949,3
8792262,2
8792266,2
8798245,1
8801151,3
8815984,3
8823584,3
8828933,3
8831332,3
8832526,3
8832772,2
8837189,3
8838389,2
8840371,1
8841156,0
8849265,0
8852235,1
8856425,2
8858230,3
8866262,3
8871414,2
8872499,3
8872685,1
8873520,3
88754,0
8877260,1
8881340,2
8882257,3
8884623,3
8885803,3
8888660,1
8891846,3
8892490,1
8893393,3
8904679,1
8908106,1
8908288,0
8911127,0
8911222,2
8911223,2
8913901,1
8916620,2
8917026,3
8918486,0
8921775,1
8928893,1
8930174,1
8932546,3
8936541,3
8940983,3
8942899,3
8957368,3
8960488,3
8964113,1
8964218,0
8964276,3
8964729,1
8966003,0
8971536,3
8976475,3
8978338,0
8980774,1
8986845,2
8989009,1
9001833,3
9002920,3
9003876,1
9006472,3
9006598,3
9007148,3
9023640,3
9028057,2
9034258,3
9039228,0
9040453,1
9042119,3
9044492,3
9048274,1
9049582,1
9055050,0
9058626,3
9066329,3
9070546,1
9071556,3
9076205,3
9076457,0
9078197,1
9084194,3
9088586,1
9095512,3
9099447,1
9099448,1
9101850,3
9101947,3
9105060,1
9105062,3
9109702,3
9116082,3
9129469,1
9134405,3
9164427,2
9170524,0
9172668,3
9174876,3
9178124,3
9180065,1
9182738,3
9185746,3
9190129,1
9196141,0
9203648,3
9205762,3
9205768,3
9207470,0
9207711,1
9220179,1
9221965,1
9225710,2
9229263,2
9229602,3
9230648,1
9230829,0
9231814,1
9235679,3
9241341,3
9261669,2
9267377,3
9269786,0
9278836,3
9293648,1
9296510,0
9301391,1
9303285,3
9308064,3
9314855,1
9315428,1
9316683,1
9322152,3
9322632,3
9327193,1
9330779,1
9332112,3
9337835,1
9342133,1
9349928,1
9351400,1
9351754,3
9366821,3
937075,3
9393422,3
9393424,3
9394106,3
9394942,2
9395031,0
9398110,1
9399611,1
939970,0
9400786,3
9403746,3
9405728,1
9407259,1
9411221,1
9413463,3
9419170,3
9427455,3
9428861,3
9430799,1
9437974,3
9438269,1
9449870,3
9469367,0
9474450,3
9474454,3
9481466,3
9481998,3
9493479,1
9495616,3
9497116,1
9499947,3
9507846,0
9512152,3
9512218,3
9512674,0
9513236,3
9514454,1
9529556,3
9531360,0
9532967,2
9532999,3
9546119,3
9547958,2
9553664,3
9553982,3
9558860,1
9562733,1
9564194,1
9570244,3
9572066,1
9572900,3
9573502,1
9581739,1
9585295,3
9587285,3
9589305,3
9594153,0
9601831,3
9607867,3
9609624,1
9632036,3
9642484,1
9647338,1
9647873,1
9648960,3
9652561,3
9652612,3
9657576,1
9660035,3
9664917,1
9665186,0
9669262,1
9670112,1
9672054,2
9676351,3
9676408,3
9683043,1
9683400,1
9690103,1
9690266,2
9695300,3
9697788,0
9700583,0
9701205,0
9703286,0
9704200,3
9706929,1
9713225,0
9718870,0
9720660,3
9730996,3
9732932,1
9734727,1
9735531,2
9735623,3
9742715,2
9745404,1
9751554,3
9751681,1
9757955,3
9758264,1
9761783,1
9769784,0
9772038,3
9772108,1
9777717,3
9777899,1
9778067,1
9786491,3
9788422,3
9788685,3
9793091,1
9796041,3
9799143,3
9801481,3
9806121,2
9808499,3
9809262,2
9809934,1
9816035,0
9818688,0
9818888,3
9819368,1
9820191,0
9825232,1
9825384,1
9828635,0
9833745,3
9834207,0
9839765,1
9842079,3
9849475,0
9850026,0
9855086,3
9862848,3
9864127,3
9885327,3
9892252,1
9894936,3
9895371,3
991148,0
9917050,3
9919095,2
9926538,2
9931687,3
9931796,3
9931911,0
9932558,2
9933852,0
9935005,1
9935021,1
9950438,0
9951491,3
998549,1
9987969,1
9989713,3
