doc_id,participants_pred,interventions_pred,outcomes_pred,variant
10768434,Photodynamic therapy with 5-aminolaevulinic acid or placebo for recalcitrant foot and hand warts : randomised double-blind trial.,ALA-PDT ; placebo-PDT,Median relative reduction in wart area ; number of vanishing warts ; difference in relative wart area of persisting warts ; pain intensity,few_shot_qwen
11077389,Effect of systemic penicillin on pain in untreated irreversible pulpitis. Effect of systemic penicillin on pain in untreated irreversible pulpitis.,"Administration of penicillin did not significantly ( P >.05 ) reduce pain, percussion pain, or the number of analgesic medications taken by patients with untreated irreversible pulpitis. Administration of penicillin did not significantly ( P >.05 ) reduce pain, percussion pain, or the number of analgesic medications taken by patients with untreated irreversible pulpitis.","Penicillin should not be prescribed for untreated irreversible pulpitis because penicillin is ineffective for pain relief.  This abstract does not contain sufficient information to extract meaningful outcomes. Therefore, the outcome field is filled as NONE. Here's the extracted information:  NONE",few_shot_qwen
11957440,[ One-year effect of health counseling on life style and risk factors of heart disease ] [One-Year Effect of Health Counseling on Lifestyle and Risk Factors of Heart Disease],Health counseling Health Counseling,"Fitness level increased ; Body weight decreased ; CHD risk factors improved   This abstract describes a study where individuals received health counseling aimed at improving their lifestyle and reducing risk factors for heart disease. The interventions included advice on regular exercise, dietary modifications, and quitting smoking. The outcomes tracked changes in physical fitness levels, body weight, and various risk factors related to heart disease such as cholesterol levels and blood pressure. The study found that individualized counseling led to better adherence to behavioral changes compared to standard care.  Fitness Level Increased ; Body Weight Decreased ; CHD Risk Factors Improved",few_shot_qwen
11443835,Risk factors for malnutrition in patients undergoing gastroenterological and hernia surgery : an analysis of 374 patients.,None specified.,"Malnutrition was present in 55 % of the patients, with 19 % of the patients severely malnourished. The presence of cancer, infection, age over 60 years, upper gastrointestinal disease, and longer length of hospital stay all negatively influenced nutritional status. Despite the high prevalence of malnutrition, the medical teams only assessed the nutritional status of a few patients.",few_shot_qwen
12160584,Prognostic factor analysis in patients with advanced prostate cancer treated by castration plus anandron or placebo : a final update.,Maximal androgen blockade ( MAB ) with chemical or surgical castration alone.,"Time to progression, overall and cancer specific survival.",few_shot_qwen
11132252,Effect of secretin on children with autism : a randomized controlled trial.,secretin or placebo.,"No significant differences in language or autistic behaviour measures were observed at the 3-week follow-up between the groups ; also, there was no significant difference in the proportion of individuals who improved by > or = 6 points on the language measure at follow-up.  This abstract describes a study where researchers tested the effectiveness of secretin on children with autism. They gave some children secretin and others a placebo, then checked how well their behavior changed over time. At the end, they found that neither treatment made much difference compared to what happened naturally. So, secretin didn't seem to help kids with autism behave better than usual.",few_shot_qwen
10848655,"The effectiveness of omeprazole, clarithromycin and tinidazole in eradicating Helicobacter pylori in a community screen and treat programme.","omeprazole 20 mg b.d., clarithromycin 250 mg b.d. and tinidazole 500 mg b.d. for 7 days ( OCT )","eradication rates in those allocated to OCT were as follows : intention-to-treat, 710 out of 1161 ( 61 % ; 95 % confidence interval : 58-64 % ) ; evaluable 710 out of 967 ( 73 % ; 95 % CI : 71-76 % ) ; took all medication 645 out of 769 ( 84 % ; 95 % CI : 81-87",few_shot_qwen
10754477,"Adult long-term survivors of childhood brain tumours ( median age 21.8 years ( 18.4-26.7 ) ; 13.7 years ( 11.4-15.7 ) post-radiotherapy, > 30Gy )",GHRH ( 1-29 ) NH ( 2 ),"GH response to bolus GHRH ( 1-29 ) NH ( 2 )  This abstract discusses the effect of low-dose bolus growth hormone-releasing hormone (GHRH) on the growth hormone (GH) response in adults who have had radiation therapy for childhood brain tumors. The participants are adult long-term survivors of childhood brain tumors who have had radiation therapy for more than 30 Gy. The interventions are the administration of GHRH (1-29) NH(2), and the outcomes are the GH response to the GHRH",few_shot_qwen
11710599,"Absence of cervical radiation myelitis after hyperfractionated radiation therapy with and without concurrent chemotherapy for locally advanced, unresectable, nonmetastatic squamous cell carcinoma of the head and neck.","Hyperfractionated radiation therapy ( HFX RT ) to a total dose of 77 Gy given in 70 fractions of 1.1 Gy b.i.d., with and without concurrent low-dose, daily cisplatin ( CDDP )",None of these 101 patients developed cervical radiation myelitis.,few_shot_qwen
12168688,Children with autistic syndromes and urinary peptide abnormalities. Children with autistic syndromes and urinary peptide abnormalities.,Gluten and casein-free diet. Gluten and casein-free diet.,"Development for the group of children on diet was significantly better than for the controls.  This abstract describes a study where participants had impaired social interaction, communication, and imaginative skills due to autistic syndromes. The interventions tested were a gluten and casein-free diet. The outcome observed was that the group of children who followed the gluten and casein-free diet showed significantly better developmental progress compared to the control group. Therefore, we can conclude that the gluten and casein-free diet improved the development of children with autistic syndromes and urinary peptide abnormalities.  Development for the group of children on diet was significantly better than for the controls.  This abstract describes a study where participants had impaired social interaction, communication, and imaginative skills due",few_shot_qwen
12120773,A scanning electron microscopic study of different caries removal techniques on human dentin.,"Hand excavation, bur excavation, air-abrasion, laser ablation, chemomechanical methods and sono-abrasion.",Distinct differences in appearance were observed among specimens treated with different caries removal techniques.,few_shot_qwen
12044624,A single infusion of intravenous ketamine improves pain relief in patients with critical limb ischaemia : results of a double blind randomised controlled trial.,Regular opioids and an infusion of low dose ( 0.6 mg/kg ) intravenous ketamine compared with opioids and placebo,"Using the Brief Pain Inventory, the % pain relief that the patients in the ketamine group attributed to their medication improved significantly from 50 % immediately pre-infusion to 65 % 24 h post-infusion and 69 % 5 days post infusion. Over the same period, the pain relief achieved by the placebo group rose from 58 % pre-infusion to 56 % 24 h post infusion and then 50 % relief 5 days later. This was statistically significant ( P < 0.05 ) using both the t-test and the Wilcoxon Rank Sum test. The ketamine group also showed a",few_shot_qwen
10382134,Sleep patterns in autistic children. Sleep patterns in autistic children.,Actigraphy. Questionnaires.,Sleep patterns of autistic children were similar to that of normal children.  Sleep patterns of autistic children were similar to that of normal children.,few_shot_qwen
11932879,"Step-down approach using either cyclosporin A ( CSA ) or methotrexate ( MTX ) as maintenance therapy following 6 months treatment with these 2 agents in combination in early, nonerosive rheumatoid arthritis ( RA )",CSA and MTX in combination ; CSA ; MTX,Treatment was discontinued by 16 patients taking CSA ( mainly because of loss of efficacy ) and by 4 taking MTX ; 4 ( 66.7 % ) were ACR 20 % responders ; 21 ( 91.3 % ) were ACR 20 % responders ; 18 ( 78.3 % ) were ACR 50 % ; 10 ( 43.5 % ) were ACR 70 % responders ; Slow progression in the damage score and number of eroded joints in both treatment groups,few_shot_qwen
10902449,[ Comparative study between 5 % prilocaine and 2 % mepivacaine by the subarachnoid route in transurethral resections ],"5 % prilocaine ( 1 mg/kg, n = 27 ) ; 2 % mepivacaine ( 0.8 mg/kg, n = 30 )",Duration of sensory blockade ( 120.92 +/- 36.21 min with prilocaine and 145.83 +/- 35.81 min with mepivacaine ) ; Duration of motor blockade ( 106.29 +/- 38.16 min with prilocaine and 133.16 +/- 42.21 min with mepivacaine ) ; Hypotension and bradycardia occurred in each group ; One patient in the m,few_shot_qwen
10560780,Young urban black men ; Comprehensive interventions are needed to address socioeconomic and lifestyle issues as well as other barriers to care and treatment ;,Comprehensive care for hypertensive young urban black men ;,Being in HBP care ; having controlled BP ; compliance with HBP medication-taking behavior ; having controlled BP ; men currently using illicit drugs ; men currently taking HBP medication ; having controlled BP ; men not taking HBP medication.,few_shot_qwen
10808042,Increased growth hormone response to sumatriptan challenge in adult autistic disorders.,Sumatriptan ( 6 mg SQ ),"Highly significant diagnosisxdrugxtime interaction on repeated measure analysis covaried for baseline. This suggests that autistic patients had significantly greater growth hormone response to sumatriptan than normal controls, independent of placebo effects. Therefore, abnormalities in 5-HT regulation in autism may be related to increased sensitivity of the 5-HT1d inhibitory receptor in autism.",few_shot_qwen
11545629,Penetration of ofloxacin and ciprofloxacin into the aqueous humor of eyes with functioning filtering blebs : a randomized trial.,"Topical ofloxacin or topical ciprofloxacin ( instillation of 0.3 % ophthalmic solution every 30 minutes for 4 hours before surgery ) ; a combined topical plus oral regimen ( ciprofloxacin hydrochloride, four 100-mg tablets, or ofloxacin, one 400-mg tablet, administered 24-26, 12-14, and 2 hours preceding surgery )","Mean concentrations of ofloxacin, 0.75 microg/mL, and ciprofloxacin, 0.21 microg/mL, in aqueous. With combined topical and oral therapy, significantly more ofloxacin was measured than ciprofloxacin ( 3.84 micro",few_shot_qwen
12239448,Stepwise hook extension technique for radiofrequency ablation therapy of hepatocellular carcinoma. Stepwise hook extension technique for radiofrequency ablation therapy of hepatocellular carcinoma.,"RFA was applied using our new stepwise hook extension technique in patients of group 1, and the full extension method in group 2. RFA was applied using our new stepwise hook extension technique in patients of group 1, and the full extension method in group 2.","Application of RFA using stepwise hook extension technique is superior to the full extension method since it produces the same therapeutic effects within a short period using a lower energy.  This abstract does not contain any outcomes. Therefore, we cannot extract them. Here's the final result:  NONE",few_shot_qwen
10634835,Randomised controlled trial of patient triggered and conventional fast rate ventilation in neonatal respiratory distress syndrome. Randomised controlled trial of patient triggered and conventional fast rate ventilation in neonatal respiratory distress syndrome.,Conventional or trigger ventilation with the SLE 2000 ventilator. Conventional or trigger ventilation with the SLE 2000 ventilator.,"No significant differences in the incidence of chronic lung disease ( 28 day and 36 week definitions ), death, pneumothorax, intraventricular haemorrhage, number of ventilator days, or length of oxygen dependency between groups.  This abstract does not contain sufficient information to determine the outcomes. Therefore, the appropriate response is ""NONE"".  NONE.",few_shot_qwen
10889149,"Atrophy and intestinal metaplasia one year after cure of H. pylori infection : a prospective, randomized study.","H. pylori-infected subjects were randomized to receive either a 1-week course of omeprazole, amoxicillin, and clarithromycin ( OAC ) or placebo.",Decrease in acute and chronic gastritis was more frequent after H. pylori eradication ( P < 0.001 ) but changes in IM were similar.,few_shot_qwen
10223244,Allelic imbalance in the clonal evolution of prostate carcinoma.,,"Different patterns of allelic deletion may be acquired during cancer progression to metastases. The differences in genetic composition between primary prostate carcinoma and its metastases may be related to intrinsic cancer heterogeneity, overall genetic instability, and clonal divergence.",few_shot_qwen
12005275,Adolescents,Rizatriptan 5 mg,Pain-free status at 2 hours; pain relief ( reduction of predose pain intensity to mild or none ); functional disability; nausea,few_shot_qwen
10093945,A comparative study of ofloxacin and cefixime for treatment of typhoid fever in children.,Ofloxacin ( 10 mg/kg/day in two divided doses ) for 5 days or cefixime ( 20 mg/kg/day in two divided doses ) for 7 days.,"Median ( 95 % confidence interval, range ) fever clearance times were 4.4 ( 4 to 5.2, 0.2 to 9.9 ) days for ofloxacin recipients and 8.5 ( 4.2 to 9, 1.8 to 15.2 ) days for cefixime-treated patients ( P < 0.0001 ). There were 11 treatment failures ( 10 acute and one relapse ) in the cefixime group and 1 acute treatment failure in the ofloxacin group ( mean difference",few_shot_qwen
11284463,Oral rizatriptan versus oral sumatriptan : a direct comparative study in the acute treatment of migraine.,"Rizatriptan 030 Study Group. Rizatriptan is a potent, oral, 5-HT1B/1D agonist with more rapid absorption and higher bioavailability than oral sumatriptan.","Time to pain relief through 2 hours demonstrated that, after adjustment for age imbalance, rizatriptan 10 mg had earlier onset than sumatriptan 100 mg ( P = 0.032 ; hazard ratio 1.21 ). Rizatriptan 10 mg was also superior to sumatriptan on pain-free response ( P = 0.032 ), reduction in functional disability ( P = 0.015 ), and relief of nausea at 2 hours ( P = 0.",few_shot_qwen
12238830,Combination of sotalol and magnesium prevents atrial fibrillation after coronary artery bypass grafting.,"Sotalol alone ( 80 mg twice daily for 5 days starting from the morning of the first postoperative day ) ( group S ), magnesium alone ( 1.5 g daily for 6 days starting in the operating room just before cardiopulmonary bypass ) ( group M ), both pharmacologic agents at the same dosages ( group S+M ), or no antiarrhythmic agents ( group CTR ).","Incidence of postoperative AF was 11.8 % ( 6/51 ) in the S group, 14.8 % ( 8/54 ) in the M group, 1.9 % ( 1/52 ) in the S+M group, and 38 % ( 19/50 ) in the CTR group.",few_shot_qwen
10770979,"Lack of effect of a low-fat, high-fiber diet on the recurrence of colorectal adenomas.",An intervention group given intensive counseling and assigned to follow a diet that was low in fat ( 20 percent of total calories ) and high in fiber ( 18 g of dietary fiber per 1000 kcal ) and fruits and vegetables ( 3.5 servings per 1000 kcal ) ; a control group given a standard brochure on healthy eating and assigned to follow their usual diet.,"Adopting a diet that is low in fat and high in fiber, fruits, and vegetables does not influence the risk of recurrence of colorectal adenomas.",few_shot_qwen
12271298,Efficacy of erbium : yttrium-aluminum-garnet laser-assisted delivery of topical anesthetic.,Laser-assisted topical anesthesia demonstrated significantly lower mean pain scores than topical anesthesia alone.,"Laser-assisted topical anesthesia is fast, painless, and substantially more effective than conventional topical anesthesia but does not provide adequate anesthesia for full-face resurfacing in all subjects.  This abstract describes a study where participants received erbium:yttrium-aluminum-garnet laser-assisted delivery of topical anesthetic cream. The interventions involved applying 5% lidocaine cream after erbium:yttrium-aluminum-garnet laser ablation of the stratum corneum. The outcomes included comparing the efficacy of laser-assisted topical anesthesia with conventional topical anesthesia, noting differences in pain scores and tolerance levels during full-face laser resurfacing. The study aimed to determine if laser-assisted topical anesthesia could be faster, painless, and",few_shot_qwen
12233894,Healthy postmenopausal women ; H. pylori status ; Risedronate ; Alendronate ; Gastric ulcers ; Esophageal ; Duodenal ; Endoscopy ; Helicobacter pylori ; Pyridinyl bisphosphonate ; Primary amino bisphosphonate ; Osteoporosis ; Gastrointestinal (GI) mucosal injury ; Bisphosphonates ; Mucosal damage ; Upper GI adverse events ; Symptom prediction ; Treatment groups ; Combined ; Study duration ; 14 days ; Upper GI ; Helicobacter pylori status ; Upper GI mucosal damage ; Upper GI adverse events ; Symptom prediction ; Treatment groups ; Combined ; Study duration ; 14 days ; Upper GI adverse events ; Symptom prediction ; Treatment groups ; Combined ; Study duration ; 14 days ; Upper GI mucosal damage ; Upper GI mucosal damage ; Upper GI mucosal damage ; Upper GI mucosal damage,,,few_shot_qwen
11213870,Beneficial effects of a soy-based dietary supplement on lipid levels and cardiovascular risk markers in type 2 diabetic subjects.,"Soy protein, isoflavones, and cotyledon fiber ( Abalon )","Apolipoprotein ( apo ) B100 ( 30 +/- 38 %, P < 0.01 ), triglycerides ( 22 +/- 10 %, P < 0.05 ), and homocysteine ( 14 +/- 21 %, P < 0.01 ), whereas the total cholesterol value tended to be less significant but still lower ( 8 +/- 15 %, P < 0.08 ). No change occurred in HDL cholesterol, apo B100/apo A1 ratio, plasminogen activator inhibitor 1, factor VIIc, von Willebrand factor, fibrinogen,",few_shot_qwen
10499652,Gabexate mesilate and antithrombin III for intraoperative anticoagulation in heparin pretreated patients. Gabexate mesilate and antithrombin III for intraoperative anticoagulation in heparin pretreated patients.,Group C ( n = 10 ) received a standard heparinization ( 300 IU/kg ). Group C ( n = 10 ) received a standard heparinization ( 300 IU/kg ).,"Total heparin dosage was less in group GA than in groups A and C. Purified AT-III administration is recommended in heparin pretreated patients ; the addition of gabexate mesilate to this protocol decreases the heparin requirement and increases the AT-III preservation.  This abstract does not contain any outcomes. Therefore, we cannot extract them. Here's how you can handle such cases:",few_shot_qwen
10602739,Chronic osteomyelitis Chronic osteomyelitis,"Ciprofloxacin, lomefloxacin, or levofloxacin Ciprofloxacin, lomefloxacin, or levofloxacin","Average follow-up was 11.8 months for patients who completed the course of therapy ; the average duration of therapy was 60.6 days ; Gram-positive bacteria were isolated from 18 patients ; 11 patients were cured.  This abstract does not contain sufficient information to determine the outcomes of the participants. Therefore, the outcome field cannot be extracted.  NONE",few_shot_qwen
10992834,Comparison of succinylcholine with two doses of rocuronium using a new method of monitoring neuromuscular block at the laryngeal muscles by surface laryngeal electromyography.,"Succinylcholine ( 1 mg kg-1 ) and two doses of rocuronium ( 0.6 and 0.9 mg kg-1 ) at the adductor pollicis muscle using electromyography ( EMG ) and acceleromyography ( AMG ), and at the adductor laryngeal muscles with a new electromyographic method using a disposable surface electrode attached to the cuff of a tracheal tube.","Mean ( +/- SD ) time to 90 % block and the onset time of succinylcholine ( 38 +/- 15 and 47 +/- 19 s, respectively ) were significantly shorter ( P < 0.01 ) than for",few_shot_qwen
11392343,"Double-blind, placebo-controlled study of amantadine hydrochloride in the treatment of children with autistic disorder. Double-blind, placebo-controlled study of amantadine hydrochloride in the treatment of children with autistic disorder.",amantadine ( 2.5 mg/kg per day ) or placebo amantadine,"Clinician-rated ABC-CVs for hyperactivity ( amantadine -6.4 versus placebo -2.1 ; p =.046 ) and inappropriate speech ( -1.9 versus 0.4 ; p =.008 ). CGI scale ratings were higher in the amantadine group : 53 % improved versus 25 % ( p =.076 ). Amantadine was well tolerated.  This abstract does not contain sufficient information to determine the participants, interventions, or outcomes. Therefore, the output is:",few_shot_qwen
10361648,Effects of a videotape information intervention at discharge on diet and exercise compliance after coronary bypass surgery.,viewing either of the videotapes before hospital release ; viewing the tape that portrayed the recovery period as consisting of ups and downs.,Higher self-efficacy for adhering to the recommended low-fat diet ; less dietary fat intake ; more frequent moderate exercise ; more frequent strenuous exercise.,few_shot_qwen
10706930,The effects of hormone replacement therapy on hemostatic variables in women with angiographically verified coronary artery disease : results from the estrogen in women with atherosclerosis study.,Treatment with transdermal estradiol combined with long-cycle progestins.,Treatment with transdermal estradiol combined with long-cycle progestins was associated with no net activation of coagulation despite reduced levels of coagulation inhibitors.,few_shot_qwen
12384805,Randomized trial of adoptive transfer of melanoma tumor-infiltrating lymphocytes as adjuvant therapy for stage III melanoma.,TIL + IL-2 for 2 months ; IL-2 only.,"Estimated relapse rate ; Overall survival ; Duration of disease-free survival ; Overall survival ; Treatment compatibility with normal daily activity.  Explanation: - **Participants**: ""Eighty-eight patients determined as eligible for treatment were enrolled in the study."" - **Interventions**: ""TIL + IL-2 for 2 months ; IL-2 only."" - **Outcomes**: ""Estimated relapse rate ; Overall survival ; Duration of disease-free survival ; Overall survival ; Treatment compatibility with normal daily activity.""",few_shot_qwen
11360574,[Clinical and experimental research of Epimedium brevicornum in relieving neuroendcrino-immunological effect inhibited by exogenous glucocorticoid],none,Neuroendcrino-immunological effect inhibited by exogenous glucocorticoid,few_shot_qwen
10080319,Masticatory performance and chewing experience with implant-retained mandibular overdentures.,Implant treatment involving either a mainly implant-supported mandibular overdenture on a transmandibular implant ( TMI ) or an implant-tissue-supported mandibular overdenture on two IMZ implants ( IMZ ).,Improvement in masticatory performance does not imply the same improvement in chewing experience and vice versa.,few_shot_qwen
11450816,"Lamotrigine therapy for autistic disorder : a randomized, double-blind, placebo-controlled trial.",Placebo ; lamotrigine twice daily ; lamotrigine ; lamotrigine ; lamotrigine ; lamotrigine ; lamotrigine ; lamotrigine ; lamotrigine ; lamotrigine ; lamotrigine ; lamotrigine ; lamotrigine ; lamotrigine ; lamotrigine ; lamotrigine ; lamotrigine ; lamotrigine ; lamotrigine ; lamotrigine ; lamotrigine ; lamotrigine ; lamotrigine ; lamotrigine ; lamotrigine ; lamotrigine ; lamotrigine ; lamotrigine ; lamotrigine ; lamotrigine ; lamotrigine ; lamotrigine ; lamotrigine ; lamotrigine ; lamotrigine ;,,few_shot_qwen
10968308,The effect of case management on the costs of health care for enrollees in Medicare Plus Choice plans : a randomized trial.,screening for high risk and provision of social work-based case management.,"The experimental group's average total payments for health care were slightly lower.  This abstract does not contain sufficient information to determine the outcomes. Therefore, we cannot extract them. Please provide another abstract if you would like me to perform this task again.",few_shot_qwen
11029568,Epidural fentanyl-bupivacaine compared with clonidine-bupivacaine for analgesia in labour.,Epidural block was performed with 75 microg clonidine ( n = 20 ) or 50 microg fentanyl ( n = 21 ) combined with 0.125 % bupivacaine ( 10 mL ).,Analgesia lasted longer in the bupivacaine-clonidine group ( 139.4 +/- 31 min ) compared with the bupivacaine-fentanyl group ( 127.9 +/- 48 min ) ( P = 0.42 ). Additional analgesic requirement was more often in the fentanyl-bupivacaine group and total bupivacaine requirement was less in the clonidine-bupivacaine group ( 22.5,few_shot_qwen
11369627,immune reconstitution after allogeneic marrow transplantation compared with blood stem cell transplantation.,Allogeneic peripheral blood stem cell grafts contain about 10 times more T and B cells than marrow grafts.,"median serum IgG levels were similar in the 2 groups. The rate of definite infections after engraftment was 1.7-fold higher in marrow recipients ( P =.001 ). The rate of severe ( inpatient treatment required ) definite infections after engraftment was 2.4-fold higher in marrow recipients ( P =.002 ). The difference in the rates of definite infections was greatest for fungal infections, intermediate for bacterial infections, and lowest for viral infections. Death associated with a fungal or bacterial infection occurred between day 30 and day 365 after transplantation in 9 marrow recipients and no blood stem cell recipients ( P =.008 ).",few_shot_qwen
10671339,Granulocyte-macrophage colony-stimulating factor as immunomodulating factor together with influenza vaccination in stem cell transplant patients.,GM-CSF,"HAI antibodies and of IgG antibodies measured by enzyme-linked immunosorbent assay ( ELISA ) ; HAI showed that the response rate to the influenza B vaccine was significantly higher in the treatment group ( P <.05 ) ; ELISA showed that autologous SCT patients with breast cancer who received GM-CSF had a better response to influenza A ( P <.05 ) and B ( P <.01 ) ; At early vaccination, 4-12 months after stem cell transplantation, these responses were more pronounced.  This abstract mentions several interventions including GM-CSF, influenza vaccination, and other unspecified factors related to stem cell transplants. However, there's no clear mention of outcomes such as specific measurements or effects. Therefore, we'll focus on the",few_shot_qwen
10078672,Behavioral and physiological effects of remifentanil and alfentanil in healthy volunteers.,remifentanil ; alfentanil,mood forms and psychomotor tests ; miosis ; analgesia ; psychomotor test administered 60 min after the remifentanil infusion was discontinued,few_shot_qwen
11292273,Post-myocardial infarction interventions that reduce psychological distress have the potential to improve long-term prognosis and psychological status for both men and women.,Reduction in psychological distress,Long-term prognosis and psychological status,few_shot_qwen
11554438,Dose dependent pharmacokinetics of theophylline : Michaelis-Menten parameters for its major metabolic pathways.,"Three single oral doses ( 250, 375, 500 mg ) of theophylline to six healthy adult volunteers.","Theophylline metabolic clearance to 3-MX as well as to 1-MU decreased with increasing dose but clearance to DMU remained unnaffected by the size of dose. The individual Michaelis-Menten parameters Km and Vmax were estimated for six subjects receiving three different single doses. The Km values for theophylline metabolism to 3-MX, 1-MU and DMU were 2.4+/-0.6, 5.1+/-1.8+/- and 112.3+/-36.8 mg/L respectively and the Vmax values were 3.5+/-0.7",few_shot_qwen
10674681,Efficacy of primaquine regimens for primaquine-resistant Plasmodium vivax malaria in Thailand.,"Fansidar ( F. Hoffmann-La Roche Ltd., Basel Switzerland ) ( pyrimethamine and sulfadoxine ) ; primaquine ( 30 mg a day for 14 days ) ; artesunate ( 200 mg once a day for 3 days ) and then primaquine ( 30 mg a day for 14 days ).","cure rates on day 28 of follow-up ; there were 4 and 5 patients in group I showing post-treatment reappearance of parasitemia at < or = 16 days and between 17 and 28 days, respectively ; patients in the other 3 groups showed negative parasitemias within 7 days after treatment ; Artesunate plus primaquine ( group IV ) cleared parasitemia faster than the other",few_shot_qwen
10410152,Acute myeloid leukemia -- a randomized comparative trial between granisetron alone and granisetron plus methylprednisolone,"Granisetron was administered at 40 micrograms/kg during chemotherapy, and methylprednisolone was administered concomitantly at 125 mg/body for 3 days or more in the combination group.","Complete inhibition rate of vomiting was as high as 71.4 % and 92.3 % in the single and combination groups, respectively, showing no significant difference ; Nausea was noted in 71.4 % and 46.2 %, respectively, and the inhibitory effect tended to be higher in the combination group ; Appetite loss developed in 92.9 % and 41.7 %, respectively, and the prevention effect was clearly higher in the combination group ; The prevention effects on nausea 7, 8 and 10",few_shot_qwen
11377310,Effects of irrigation fluid temperature on core body temperature during transurethral resection of the prostate.,Room temperature irrigation fluid ( 70 degrees F ) ; warm irrigation fluid ( 91.5 degrees F ),Decrease in body temperature ; elevation in core body temperature,few_shot_qwen
10637238,"Comparison of chemotherapy with chemohormonal therapy as first-line therapy for metastatic, hormone-sensitive breast cancer : An Eastern Cooperative Oncology Group study.","Chemotherapy ( cyclophosphamide, doxorubicin, and fluorouracil Â¿CAF ) or chemohormonal therapy ( CAF plus tamoxifen and Halotestin Â¿fluoxymesterone ; Pharmacia-Upjohn, Kalamazoo, MI Â¿CAFTH )","Time to treatment failure ( TTF ) was slightly longer for patients who received chemohormonal therapy compared with chemotherapy alone patients ( 13.4 months v 10.3 months, respectively ; P =.087 ), and TTF was significantly longer in ER-positive compared with ER-negative patients ( 17.4 months v 10.3 months, respectively ; P =.048 ). However, ER status had no effect",few_shot_qwen
11500608,Does short-term treatment with proton pump inhibitors cause rebound aggravation of symptoms? None,"There were two 5-day treatment periods with lansoprazole 60 mg once daily or placebo in random order, separated by a 9-day washout period. There were two 5-day treatment periods with lansoprazole 60 mg once daily or","Mean symptom scores during the placebo period in the groups given lansoprazole first and placebo first were as follows : reflux score, 21.5 and 17.6, respectively ( not significant ) ; total score, 11.2 and 10.3, respectively ( not significant ) ; and antacid score, 8.2 and 7.2, respectively ( not significant ).  This abstract does not contain sufficient information to determine the participants, interventions, or outcomes. Therefore, the output is:",few_shot_qwen
10850381,Patients with newly diagnosed small-cell lung cancer ( SCLC ),"CAE chemotherapy ( cyclophosphamide, doxorubicin, and etoposide ) ; filgrastim",Episodes of mucositis,few_shot_qwen
10338217,"Oral and parenteral glutamine in bone marrow transplantation : a randomized, double-blind study. None","Oral GLN ( n = 35 ) or glycine-control ( GLY ) ( n = 31 ), 10 g three times daily. Oral GLN ( n = 35 ) or glycine-control ( GLY ) ( n = 31 ), 10 g three times daily.","Possible reduction in need for TPN and a suggestion of improved long-term survival were associated with GLN.  This abstract does not contain sufficient information to determine the participants, interventions, or outcomes. Therefore, the output is as follows:  Possible reduction in need for TPN and a suggestion of improved long-term survival were associated with GLN.",few_shot_qwen
10476617,"Trial of prophylactic administration of TXA2 synthetase inhibitor, ozagrel hydrochloride, for preeclampsia.","Ozagrel Hydrochloride ( 400 mg/day, orally ) and placebo were started at 20 weeks of gestation and continued until delivery.","Seventeen of 20 ( 85 % ) women in the control group developed preeclampsia, whereas 9 of 20 ( 45 % ) in the treatment group developed preeclampsia. Ozagrel Hydrochloride significantly ( p < 0.01 ) reduced the occurrence of preeclampsia, and the incidence of both hypertension ( p < 0.05 ) and proteinuria ( p < 0.01 ) was significantly less in the treatment group compared with the control group. One month after administration, the mean plasma concentration of TXB2, a",few_shot_qwen
11300174,Effectiveness of the school dental screening programme in stimulating dental attendance for children in need of treatment in Northern Ireland.,School dental screening programme.,Dental attendance among 45.5 % of the study group ( n=352 ) in the 2 months following screening ; 27.6 % of the control group ( n=312 ) claimed attendance. The effect was found to be significant among the high employed group ( P < 0.01 ) and the unemployed group ( P < 0.05 ).  This abstract does not contain any outcomes. Please try again.  Abstract: A novel approach to the diagnosis of early-stage breast cancer : a pilot study. PURPOSE Early detection of breast cancer remains a major challenge due to the difficulty in distinguishing benign lesions from malignant ones. We aimed to develop a non-invasive diagnostic tool based on the expression of the estrogen receptor ( ER ) protein in breast tissue. MATERIALS,few_shot_qwen
11234566,Phase-dependent modulation of the soleus H-reflex during rhythmical arm swing in humans.,None specified.,"Significant depression of the soleus H-reflex was observed when subjects swung their ipsilateral arms or both arms reciprocally during testing. The degree of soleus H-reflex depression appeared directly proportional to the speed of the arm swing. This depression was observed in the conditioning-testing intervals of 400, 500, and 600 msec during the ipsilateral backward arm swing and at the onset of the ipsilateral arm forward swing. This phase of depression partially overlapped the phase of depression of the soleus H-reflex during walking. However, the pattern of modulation during arm swing was not exactly the same as that during walking. Therefore, we concluded that the ipsilateral arm swing may partially affect the depression of the soleus H-reflex during the arm swing phase of walking but is not responsible for depression of the sole",few_shot_qwen
10811665,Outcome of CNS disease at diagnosis in disseminated small noncleaved-cell lymphoma and B-cell leukemia : a Children's Cancer Group study.,None specified.,"Relapses occurred in 21 ( 43 % ) of 49 patients, predominantly in the CNS ( 71 % ) and bone marrow ( 52 % ). The 3-year event-free survival +/- SE for all patients with CNS+ disease was 45 % +/- 7 %. Patients with CSF+/Mass had a nominally higher treatment failure rate compared with patients with CNS- after adjusting for marrow status and lactate dehydrogenase ( LDH ) diagnosis, with a relative failure rate ( RFR ) of 1.52 ( 95 % confidence interval [ CI ], 0.88 to 2.6 ; P =.15 ). In comparison, the RFRs for patients with M2",few_shot_qwen
11214014,Effect of allopurinol on myocardial oxygen free radical production in coronary bypass surgery.,Allopurinol ( 1 g ) was given blind prior to cardiopulmonary bypass and prior to opening the aorta.,"All patients in both groups had an increasing tendency to free radical production during early reperfusion. Patients treated with allopurinol showed less myocardial production of free radicals, indicating that its protective effect may be due to its antioxidative properties.  This abstract does not contain sufficient information to determine the interventions or outcomes. Therefore, we cannot extract them. Please provide another abstract.",few_shot_qwen
12006271,"N-butyl cyanoacrylate embolization of cerebral arteriovenous malformations : results of a prospective, randomized, multi-center trial.",n-BCA/Tantalum Powder/Ethiodol mixture or Trufill PVA.,"Reduction of AVM dimensions ( 79.4 % in the n-BCA group and 86.9 % in the PVA group ) and the mean number of vessels embolized ( 2.2 in the n-BCA group and 2.1 in the PVA group ) was similar in the two groups. Coils were used more commonly with PVA embolization ( P <.0001 ). No differences were detected in surgical resection time, number of patients who required transfusion, volume and number of transfusion units, or type and volume of fluid replacement. Glasgow Outcome Scale scores were not significantly different between the two groups",few_shot_qwen
11162323,Counselor and stimulus control enhancements of a stage-matched expert system intervention for smokers in a managed care setting.,Expert system intervention plus counselor calls ; Expert system intervention plus the stimulus control computer ; Assessment only condition ;,"23.2 % point prevalence abstinence ; 20 % worse cessation rates than the assessment only condition ;  This abstract describes a study comparing different interventions aimed at helping smokers quit. Here's how we extracted the relevant fields:  **Participants:** - The study involved smokers who were contacted via telephone or mail. - The sample size included 19,236 members of a managed care company. - Of these, 4,653 were smokers; 85.3% of them were enrolled.  **Interventions:** - **Expert System Intervention Plus Counselor Calls:** This intervention provided individualized feedback guided by the stages of change for cessation.",few_shot_qwen
10685817,Treatment of whiplash associated neck pain [ corrected ] with botulinum toxin-A : a pilot study.,BTX-A treatment of subjects with chronic WAD II neck pain.,"Significant ( p < 0.01 ) improvement in ROM and subjective pain compared to a placebo group, but only a trend to improvement in subjective functioning.  This abstract describes a study where participants had whiplash-associated neck pain treated with botulinum toxin-A. The interventions involved injecting botulinum toxin-A into specific areas of the neck. The outcomes were improvements in neck movement (ROM) and pain relief, though there was also a trend towards improvement in subjective function. The study aimed to determine if botulinum toxin-A could be an effective treatment option for chronic whiplash-related neck pain.  Please let me know if you would like me to clarify anything! I'm happy to help extract the fields again if needed. Let me know how many times",few_shot_qwen
11701101,The role of radiography in primary care patients with low back pain of at least 6 weeks duration : a randomised ( unblinded ) controlled trial.,Lumbar spine radiography and usual care versus usual care without radiography.,"Participants randomised to receive an X-ray were more likely to report low back pain at 3 months ( odds ratio ( OR ) = 1.56 ; 95 % confidence interval ( CI ), 1.02 to 2.40 ) and had a lower overall health status score ( p = 0.02 ). There were no differences in health or functional status at 9 months. A higher proportion of participants consulted the general practitioner ( GP ) in the 3 months following an X-ray ( OR = 2.72 ; 95 % CI, 1.80 to 4.10 ). There were no differences in use of any",few_shot_qwen
10404444,Asthma : communication between hospital and general practitioners.,Efforts to actively involve GPs in the postdischarge care of their paediatric asthma patients,GPs expressed approval of the intervention used.,few_shot_qwen
12176916,Cyclosporine inhibition of P-glycoprotein in chronic myeloid leukemia blast phase. Cyclosporine inhibition of P-glycoprotein in chronic myeloid leukemia blast phase.,Seven thirty-three eligible patients were assigned to treatment with cytarabine and infusional daunorubicin with or without intravenous CsA. Seven thirty-three eligible patients were assigned to treatment with cytarabine and infusional daunorubicin with or without intravenous CsA. Outcomes,"No improvement in treatment outcome as measured by the frequency of induction resistance ( 68 % vs 53 % ), rate of complete remission or restored chronic phase ( CR/CP, 8 % vs 30 % ), and survival ( 3 vs 5 months ).  This abstract does not contain sufficient information to extract outcomes. Therefore, the extracted fields are:",few_shot_qwen
11207836,The effect of aging on circulating levels of proinflammatory cytokines during septic shock.,None specified.,"Contrary to our expectations, we found that aging was not associated with a decline in the circulating levels of proinflammatory cytokines.",few_shot_qwen
10624759,"sedentary individuals ( 60 males, 60 females, aged 20-80 )",None specified,Some of these values differed markedly from those formerly recommended. The results therefore might provide a more appropriate frame of reference for interpretation of the responses to symptom-limited ramp incremental cycle ergometry in sedentary subjects ; i.e. those usually referred for clinical cardiopulmonary exercise tests.,few_shot_qwen
10634838,Ill preterm infants requiring parenteral nutrition,Trophic feeding from day 3 ( 0.5-1 ml/h ) along with parenteral nutrition until ventilatory support finished,"Total energy intake and growth over the first six postnatal weeks, sepsis incidence, liver function, milk tolerance, duration of respiratory support, duration of hospital stay and complication incidence.  This abstract describes a randomized controlled study comparing trophic feeding (nutritive milk) versus parenteral nutrition in preterm infants who require ventilatory support and parenteral nutrition. The main outcomes measured were total energy intake and growth, sepsis incidence, liver function, milk tolerance, duration of respiratory support, duration of hospital stay, and complication incidence. The study found that trophic feeding improved clinical outcomes such as total energy intake, weight gain, head circumference gain, fewer episodes of culture confirmed sepsis, earlier initiation of full milk feeds, reduced requirement for",few_shot_qwen
10190267,Rett syndrome : randomized controlled trial of L-carnitine.,L-carnitine.,Parents/caregivers ; medical follow-up ; the Rett Syndrome Motor Behavioral Assessment ; the Hand Apraxia Scale ; the Patient Well-Being Index.,few_shot_qwen
10575594,"Comparison of antiresorptive activities of ipriflavone, an isoflavone derivative, and elcatonin, an eel carbocalcitonin.","Group I was given 600 mg ipriflavone orally daily ; group II was weekly injected intramuscularly with 20 units elcatonin, Asu1-7 eel calcitonin ( carbocalcitonin ).","Radial trabecular bone density showed a significantly higher rate of increase in group I ( ipriflavone group ) than in group II ( elcatonin group ) at the 4th month, whereas lumbar spine BMD showed more pronounced increase in the elcatonin group than in the ipriflavone group throughout the study period. Bone metabolism markers tended to decline in both groups. Total and intact osteocalcin showed a significant fall from the baseline throughout the study period only in the ip",few_shot_qwen
10832772,Secretin and autism : a two-part clinical investigation.,One injection of the hormone ( 2 IU/kg ) ; secretin or placebo with crossover at 4 weeks.,"Some reported minimal but potentially significant improvements including changes in GI symptoms, expressive and/or receptive language function, and improved awareness and social interactions ; no adverse effects were reported or observed.",few_shot_qwen
10089089,Severely neutropenic patients.,Piperacillin/tazobactam plus tobramycin versus ceftazidime plus tobramycin.,"Initial antibacterial therapy was successful ( apyrexia at 72 h, without antibiotic change ) more frequently ( P = 0.008 ) with the regimen containing piperacillin/tazobactam ( 54.4 % ) than with the one including ceftazidime ( 37.6 % ). Fewer ( P = 0.02 ) major infectious events ( infectious death or delay in treatment of underlying disease due to infection ) were observed during piperacillin/ tazobactam treatment ( 2.6 % ) than with the ceftazidime regimen ( 11.3 % ), despite a lower frequency of glycopeptide addition when piperacillin/tazobactam",few_shot_qwen
11056593,Efficacy and safety of recombinant human nerve growth factor in patients with diabetic polyneuropathy : A randomized controlled trial.,"rhNGF, 0.1 microg/kg ( n = 504 ), or placebo ( n = 515 ) by subcutaneous injection 3 times per week for 48 weeks.","Neither the primary end point ( P =.25 ) nor most of the secondary end points demonstrated a significant benefit of rhNGF. Exceptions were the global symptom assessment ( P =.03 ) and 2 of 32 comparisons within the PBQ, which showed a modest but significant benefit of rhNGF ( P =.05 for severity of pain in the legs and P =.003 for 6-month symptoms in the feet and legs ).",few_shot_qwen
10735900,Use of recombinant human granulocyte colony-stimulating factor to increase chemotherapy dose-intensity : a randomized trial in very high-risk childhood acute lymphoblastic leukemia.,"G-CSF was given after each course, and the next scheduled course was started as soon as neutrophil count was > 1 x 10 ( 9 ) /L and platelet count was > 100 x 10 ( 9 ) /L.","CDI was significantly increased in the G-CSF group compared with the non-G-CSF group ( mean +/- 95 % confidence interval, 105 +/- 5 % v 91 +/- 4 % ; P <.001 ).",few_shot_qwen
12093460,A pilot study of the safety and efficacy of supplemental arginine to enhance immune function in persons with HIV/AIDS.,Supplemental arginine to enhance immune function in persons with HIV/AIDS.,"Natural killer cell cytotoxicity ; Intercurrent illnesses.  This abstract describes a study where participants received supplemental arginine to enhance their immune function. The interventions involved giving participants either arginine or a placebo. The outcome measures included changes in natural killer cell cytotoxicity and reports of any adverse events. There were no significant differences observed between the groups regarding natural killer cell cytotoxicity. Therefore, the study concluded that arginine supplementation was generally safe for individuals with HIV/AIDS. However, further research would be needed to assess its long-term effects on immune function and overall health outcomes.",few_shot_qwen
12085177,"Non-resectable gastric and gastro-oesophageal adenocarcinoma patients with histological proof of adenocarcinoma, who had received no more than a single regimen of 5-fluorouracil-based chemotherapy.",Marimastat ( 10 mg b.d. ) or placebo.,"Overall survival ; time to disease progression ; quality of life ; median survival ; 2-year survival ; progression-free survival ; musculoskeletal pain and inflammation ; events of anaemia, abdominal pain, jaundice and weight loss ; 2-year survival ; 18 % ; 18 % ; 5 % ; 18 % ; 18 % ; 5 % ; 18 % ; 5 % ; 18 % ; 5 % ; 18 % ; 5 % ; 18 % ; 5 % ; 18 % ; 5 % ; 1",few_shot_qwen
10643677,The effect of body weight changes and endurance training on 24h substrate oxidation.,No specific interventions mentioned.,"Changes in 24 h substrate utilization in the obese, as well as in the well-trained group, suggest that endurance training increased the reliance on carbohydrate oxidation and therefore did not increase 24 fat oxidation.",few_shot_qwen
11034038,Nonbleeding patients with international normalized ratios ( INRs ) ranging from 6.0-10.0.,Patients were randomized to receive either a single oral dose of phytonadione 2.5 mg or placebo.,"The mean calculated time to reach an INR of 4.0 was significantly greater in the placebo than the phytonadione group ( 2.6 vs 1.4 days, p=0.006 ). Overcorrection of anticoagulation was significantly more common in patients receiving phytonadione. Overt warfarin resistance was not observed in either group after reinitiating warfarin therapy. No major bleeding or thromboembolic complications occurred, and minor bleeding episodes were similar in both groups.",few_shot_qwen
11379334,Efficacy and tolerability of antibiotics in patients undergoing H. pylori eradication.,Triple rabeprazole-based eradicating regimens are effective and safe.,"Incidence of side effects seems low and similar in different three-drug regimens used. Quadruple therapy, which appear highly efficacious as a second line therapy, is associated with a significantly higher incidence of side effects when compared to first-line treatment.",few_shot_qwen
12042231,Effectiveness of a brief cognitive-behavioural therapy intervention in the treatment of schizophrenia.,Brief CBT intervention,"Improvement in overall symptomatology ( P=0.015 ; number needed to treat [ NNT ] =13 ) Insight ( P < 0.001 ; NNT=10 ) Depression ( P=0.003 ; NNT=9 ) Insight was clinically significantly improved ( risk ratio=1.15, 95 % CI 1.01-1.31 ) There was no increase in suicidal ideation.  This abstract discusses the effectiveness of a brief cognitive-behavioral therapy (CBT) intervention in treating schizophrenia. The participants are patients with schizophrenia receiving the intervention or treatment as usual. The interventions involve providing a brief CBT intervention to patients with schizophrenia and their carers. The outcomes measure improvements in overall symptomatology, insight into symptoms",few_shot_qwen
10517426,Use of the oral neuraminidase inhibitor oseltamivir in experimental human influenza : randomized controlled trials for prevention and treatment.,"Oral oseltamivir ( 100 mg once daily [ n = 12 ], 100 mg twice daily [ n = 12 ], or matching placebo [ n = 13 ], starting 26 hours before virus inoculation )","Frequency of infection and viral shedding ; for treatment, viral shedding in titers.",few_shot_qwen
11815321,Marginal biotin deficiency during normal pregnancy.,None specified.,Increased excretion of 3-HIA seen frequently in normal pregnancy reflects reduced biotin status. The conclusion that marginal biotin deficiency occurs frequently in the first trimester further raises concern about potential human teratogenicity.,few_shot_qwen
11701672,Acute effect of pegvisomant on cardiovascular risk markers in healthy men : implications for the pathogenesis of atherosclerosis in GH deficiency. Acute effect of pegvisomant on cardiovascular risk markers in healthy men : implications for the pathogenesis of atherosclerosis in GH deficiency.,Pegvisomant alone ; pegvisomant plus fasting ; pegvisomant alone under normal conditions ; pegvisomant plus fasting under normal conditions. Pegvisomant alone ; pegvisomant plus fasting ; pegvisomant,"Serum free IGF-I levels ; insulin sensitivity ; serum triglycerides ; von Willebrand factor antigen levels.  This abstract mentions several interventions including ""pegvisomant"" taken alone and in combination with fasting. However, there's no mention of outcomes such as ""participants,"" so we'll leave those blank. Here's how you can structure your response based on the provided guidelines:",few_shot_qwen
10997806,Advanced non-small-cell lung cancer ( NSCLC ) : a multicenter randomized trial.,Paclitaxel ( 175 mg/m2 ) plus carboplatin ( 6 AUC ) versus paclitaxel ( 225 mg/m2 ) plus carboplatin ( 6 AUC ) in advanced non-small-cell lung cancer ( NSCLC ).,Response rate ; median time to progression ; median survival ; one-year survival ; best prognostic factor for one-year survival ; relative dose intensity of paclitaxel.  This abstract describes a clinical trial comparing two different doses of paclitaxel and carboplatin in advanced non-small-cell lung cancer. The participants are all patients with advanced NSCLC who have measurable disease and are ineligible for surgery. The interventions involve receiving either 175 mg/m² of paclitaxel given as a three-hour infusion followed by,few_shot_qwen
11413274,Gabapentin but not vigabatrin is effective in the treatment of acquired nystagmus in multiple sclerosis : How valid is the GABAergic hypothesis?,gabapentin ( 1200 mg daily ) or vigabatrin ( 2000 mg daily ),"improvement visual acuity and EOG indices ( amplitude or frequency of nystagmus, or both ) by at least 50 % of pretreatment values",few_shot_qwen
11981150,Effects of clonidine on postoperative nausea and vomiting in breast cancer surgery.,coinduction with intravenous clonidine ( group C ) or placebo ( group P ),Number of PONV-free patients and patient satisfaction with respect to PONV.,few_shot_qwen
10194485,"High-pressure, rapid-inflation pneumatic compression improves venous hemodynamics in healthy volunteers and patients who are post-thrombotic.","High-pressure, rapid-inflation compression increases popliteal and femoral vein velocity as compared with standard, low-pressure, slow-inflation pneumatic compression.","Patients with post-thrombotic venous disease have a compromised hemodynamic response to all IPC devices. However, an increased velocity response to the high-pressure, rapid-inflation compression device is preserved. High-pressure, rapid-inflation pneumatic compression may offer additional protection from thrombotic complications on the basis of an improved hemodynamic response, both in healthy volunteers and in patients who were post-thrombotic.",few_shot_qwen
10213233,Microbiologic yields and complication rates of vitreous needle aspiration versus mechanized vitreous biopsy in the Endophthalmitis Vitrectomy Study.,Mechanized vitreous biopsy and needle tap with a 22-27-gauge needle.,"No significant differences between mechanized vitreous biopsy and needle tap with respect to microbiologic yield, operative complications, short-term ( 9-12 months ) retinal detachment risk, or visual outcome.  This abstract does not contain sufficient information to determine the participants, interventions, or outcomes. Therefore, we cannot extract them according to the given instructions. Please provide another abstract if you would like me to assist you further.",few_shot_qwen
11004058,The effect of systemic lidocaine on pain and secondary hyperalgesia associated with the heat/capsaicin sensitization model in healthy volunteers.,Systemic lidocaine,Secondary hyperalgesia,few_shot_qwen
11352886,L-arginine and S-nitrosoglutathione reduce embolization in humans.,"L-arginine ( n=14 ), GSNO ( n=14 ), or placebo ( n=14 ) administered intravenously for 90 minutes, starting 30 minutes after skin closure.","Reduction in the number of Doppler embolic signals in the L-arginine and GSNO groups ; first 4 hours, median ( range ) number of embolic signals, placebo 44.7 ( 6 to 778 ), L-arginine 9.5 ( 0 to 225 ), and GSNO 0.8 ( 0 to 8 ), both P < 0.001 versus control values. The reduction in the signals persisted at the 24-hour recording.  This abstract discusses the effectiveness of L-arginine and",few_shot_qwen
11022066,Outcomes of early endovascular versus surgical treatment of ruptured cerebral aneurysms.,Surgical ( n=57 ) or endovascular ( n=52 ) treatment.,One-year clinical and neuropsychological outcomes seem comparable after early surgical and endovascular treatment of ruptured intracranial aneurysms. The long-term efficacy of endovascular treatment in preventing rebleeding remains open.,few_shot_qwen
11446476,Comparison of enoxaparin and standard heparin in gynaecologic oncologic surgery : a randomised prospective double-blind clinical study.,"Enoxaparin, a low molecular weight heparin ( LMWH ) ; Conventional standard heparin ( SH )",Bleeding complications ; AntiFXa level in the plasma ; Patient weight,few_shot_qwen
11819768,"among men between 55 and 65 years of age, the gastric cancer phenotype of H. pylori gastritis appears to be more common than expected.","omeprazole 2 X 20mg, clarithromycin 2 X 500mg, and amoxicillin 2 X 1g for 7 days, or omeprazole 2 X 20mg plus placebo.","None of the patients developed gastric cancer or any precancerous lesion. Three ( 1.8 % ) patients reached study endpoints other than gastric cancer.  This abstract does not contain clear answers for all three requested fields. However, I've extracted as much relevant information as possible based on the provided text. Please let me know if you'd like me to clarify anything!  Note: There's no mention of ""outcomes"" in the given abstract. Based on the context, we could infer that the outcomes",few_shot_qwen
12037693,The impact of angiotensin II receptor blockade and the DASH diet on markers of endogenous fibrinolysis. The impact of angiotensin II receptor blockade and the DASH diet on markers of endogenous fibrinolysis.,"losartan or placebo for 4 weeks in double-blind, cross-over fashion. losartan or placebo for 4 weeks in double-blind, cross-over fashion.","t-PA antigen levels, t-PA activity, plasminogen activator inhibitor-1 ( PAI-1 ) activity and plasma renin activity ( PRA ).  This abstract does not contain all the necessary information to extract the exact fields as specified. However, based on the provided guidelines, here's how I would proceed if the complete information were available:  t-PA antigen levels, t-PA activity, plasminogen activator inhibitor-1 ( PA",few_shot_qwen
11837468,Glibenclamide vs gliclazide in reducing oxidative stress in patients of noninsulin dependent diabetes mellitus -- a double blind randomized study.,Glibenclamide vs gliclazide in reducing oxidative stress in patients of noninsulin dependent diabetes mellitus -- a double blind randomized study.,Glibenclamide vs gliclazide in reducing oxidative stress in patients of noninsulin dependent diabetes mellitus -- a double blind randomized study.,few_shot_qwen
12169964,Primary deep sclerectomy versus primary deep sclerectomy with the use of mitomycin C in primary open-angle glaucoma.,"Deep sclerectomy without the use of mitomycin C ( DS group ) and deep sclerectomy with the application of mitomycin C ( DSMMC group ) in a concentration of 0.2 mg/mL for 2.5 minutes, before the superficial scleral flap formation.",Intraocular pressure was significantly decreased by 7.13 mm Hg or 27.59 % in the DS group and by 11.68 mm Hg or 42.25 % in the DSMMC group at the end of the follow-up period ; the complete ( IOP < 22 mm Hg without medication ) and qualified ( IOP < 22 mm Hg with or without medication ) success rates at the end of the follow-up period were,few_shot_qwen
11068835,Magnetic resonance angiography for monitoring prophylactic endoscopic treatment of high risk esophageal varices.,EIS was done to embolize esophageal varices as well as their feeders by intravariceal injection of sclerosant under fluoroscopic guidance.,Recurrence-free rate for high risk esophageal varices was higher in patients with complete eradication of the left gastric vein than in those without.,few_shot_qwen
11056245,Premenstrual women with laparoscopically diagnosed endometriosis who required GnRH agonist therapy for treatment and did not have significant depressive or premenstrual mood symptoms at baseline.,Sertraline treatment group or placebo group for the 3-month duration of the GnRH agonist therapy.,"The 21-item Hamilton Rating Scale for Depression ( HRSD ), which is an instrument designed to assess depressive symptomatology.  This abstract describes a study where participants were women with endometriosis requiring GnRH agonist therapy but without significant depressive or premenstrual mood symptoms. They were randomly assigned to either a sertraline treatment group or a placebo group for 3 months of GnRH agonist therapy. The main outcome measure was the 21-item Hamilton Rating Scale for Depression (HRSD), which assessed depressive symptomatology. The study found that the sertraline treatment group had significantly fewer depressive",few_shot_qwen
10201101,Three individuals with mental retardation,Differential observing response procedure,Accuracy scores improved ; accuracy returned to intermediate levels,few_shot_qwen
11867842,Effect of delayed cord clamping on iron stores in infants born to anemic mothers : a randomized controlled trial.,Delayed cord clamping ( delayed group ) ; Immediate cord clamping ( early group ),Mean infant ferritin and Hb at 3 months ; Odds for anemia ( < 100 g/L ) at 3 months,few_shot_qwen
